1.0809735771,0,0,0,0,0,0,0,0,0,0,0,0,0,0,0,0,0,0,0,0,0,0,0,0,0
3395.4053869831,0.0097886762,0.0043118279,-0.0001105738,8.60160769321977E-06,-1.75959120397982E-06,5.73597846264406E-07,-2.37595791791956E-07,1.13845648157087E-07,-6.02340841566587E-08,3.42603030677125E-08,-2.05957572227193E-08,1.29355971325354E-08,-8.41865766462636E-09,5.64291914935239E-09,-3.87754840355808E-09,2.72166232208207E-09,-1.94575091335306E-09,1.41353712738063E-09,-0.000000001,7.7709922653055E-10,-5.8635409946034E-10,4.46916594654675E-10,-3.43760908498529E-10,2.66617193073953E-10,-2.08356563338927E-10
3.8577231381195E-07,0.000000857,5.51471648022652E-07,6.34125801768093E-08,-1.03695371129176E-08,3.10579396244018E-09,-1.24658491799949E-09,5.93532400014373E-10,-3.15939316312593E-10,1.8197147882207E-10,-1.11162395656711E-10,7.10798609342835E-11,-4.71402558019274E-11,3.22116000360455E-11,-2.25658009320895E-11,1.61454334614251E-11,-1.17627032133427E-11,8.70525058212848E-12,-6.53168672926521E-12,4.96068457224511E-12,-3.80844986039529E-12,2.95226215040868E-12,-2.30857805282498E-12,1.81953078424879E-12,-1.44440918756994E-12,1.15416523294139E-12
1.3002706881,8.62284575961189E-07,5.40096295627032E-07,5.74545549824396E-08,-9.51272075641566E-09,2.85773448463652E-09,-1.14869252013921E-09,5.47477853249948E-10,-2.91664088473443E-10,1.68110016486579E-10,-1.027612754344E-10,6.5747410847466E-11,-4.36283696690938E-11,2.98278676669943E-11,-2.09066175055187E-11,1.49657257898106E-11,-1.0908460588927E-11,8.07681285762163E-12,-6.06291422825456E-12,4.60670653155169E-12,-3.53822988525214E-12,2.74396150389541E-12,-2.14659300976723E-12,1.69255838231592E-12,-1.34415976189427E-12,1.07449040760019E-12
0.0106234054,0.0099826057,0.0001357182,-9.51684098856494E-06,2.40276361427801E-06,-9.29585298098792E-07,4.46262850188431E-07,-2.4314018036026E-07,1.44104243213767E-07,-9.07277397365006E-08,5.97897191893617E-08,-4.08360124741317E-08,2.87057830434035E-08,-2.06630307877991E-08,1.51722128130033E-08,-1.13303472626045E-08,8.58533041037266E-09,-6.58825183110001E-09,5.11226365930906E-09,-0.000000004,3.16711833820464E-09,-2.52358123162554E-09,0.000000002,-1.63567560760695E-09,1.32888682719365E-09,-1.08545750035758E-09
1.1717332795,-0.1391961816,0.0431147953,-0.0213694526,0.0128734873,-0.0085878654,0.0060985531,-0.0045179528,0.0034508642,-0.0026974569,0.0021470634,-0.0017340514,0.0014173591,-0.0011701705,0.000974345,-0.0008172451,0.0006898447,-0.0005855586,0.0004994925,-0.0004279498,0.0003680985,-0.0003177417,0.0002751557,-0.0002389745,0.000208106,-0.0001816695
0.7884950173,-0.0171652664,0.0107464154,-0.0078873835,0.0061789599,-0.0050197544,0.0041740054,-0.0035273753,0.0030166372,-0.0026035209,0.002263274,-0.001979054,0.0017389324,-0.0015341834,0.0013582518,-0.0012061031,0.0010737973,-0.0009582013,0.0008567894,-0.000767501,0.0006886374,-0.0006187856,0.0005567603,-0.0005015605,0.0004523355,-0.0004083576
265.8671331386,-1.4180428587,0,0,0,0,0,0,0,0,0,0,0,0,0,0,0,0,0,0,0,0,0,0,0,0
1.1956488244,0,0,0,0,0,0,0,0,0,0,0,0,0,0,0,0,0,0,0,0,0,0,0,0,0
3395.406566039,0.0107732842,0.0042744413,-0.0001068436,7.69454749842406E-06,-1.42208680098345E-06,4.18241888577023E-07,-1.56470067681424E-07,6.7754246704553E-08,-3.24048912497142E-08,1.66636402163426E-08,-9.05737114584207E-09,5.14372912440373E-09,-0.000000003,1.83470614965758E-09,-1.14002991993759E-09,7.23592245439918E-10,-4.67789593606656E-10,3.07309713726931E-10,-2.04758786040393E-10,1.38153206554119E-10,-9.42656181676651E-11,6.49724275871149E-11,-4.51927289554453E-11,3.16963868694585E-11,-2.23994974719755E-11
4.91390422216823E-07,9.8588230439809E-07,5.72512857024359E-07,0.000000059,-8.80673549974331E-09,2.38878315700648E-09,-8.66894161473216E-10,3.73144938921903E-10,-1.79570787284676E-10,9.35073609261602E-11,-5.16439245847505E-11,2.98560743331488E-11,-1.79022305123647E-11,1.10601182967111E-11,-7.00539987990531E-12,4.53177671066292E-12,-2.98513571050025E-12,1.99745778835113E-12,-1.3550711671756E-12,9.30507031299347E-13,-6.45904500154015E-13,4.52707445498231E-13,-3.20074057565704E-13,2.28091441112577E-13,-1.63713279774455E-13,1.18278581921121E-13
1.3002707942,9.88367542452799E-07,5.59151890897451E-07,5.34352382358125E-08,-8.07500865057253E-09,2.19714534745266E-09,-7.98525767441205E-10,3.44061437235135E-10,-1.65707564249026E-10,8.63480745185609E-11,-4.77194889897999E-11,2.76030883092595E-11,-1.65601698338302E-11,1.02361791168868E-11,-6.48666868062251E-12,4.19816902975064E-12,-2.76663179799726E-12,1.85205967744714E-12,-1.2569689024842E-12,8.63500795280379E-13,-5.99636601711074E-13,4.20446457903473E-13,-2.97381268901861E-13,2.12001690041369E-13,-1.52222487028008E-13,1.10017853200092E-13
0.011769934,0.010013371,0.0001326208,-8.52480296973763E-06,1.94649958047017E-06,-6.79225020148303E-07,2.94505154361517E-07,-0.000000145,7.77042156962775E-08,-4.42356769255414E-08,2.63608975668643E-08,-1.62816907908523E-08,1.0350498671045E-08,-6.73798420012251E-09,4.47439570595554E-09,-0.000000003,2.07085969272809E-09,-1.43721061234693E-09,0.000000001,-7.14821480845873E-10,5.11078006060181E-10,-3.68296609063353E-10,2.67297550029307E-10,-1.95250254751036E-10,1.43462607091357E-10,-1.0597887101792E-10
1.1563077433,-0.1300799444,0.0366635313,-0.0164337444,0.0089498531,-0.0053976099,0.0034654367,-0.0023211257,0.0016029401,-0.0011328717,0.0008152876,-0.0005953465,0.0004399782,-0.0003284317,0.0002472603,-0.0001875168,0.0001431153,-0.000109838,8.47147878464662E-05,-6.56253007104196E-05,5.10376994880229E-05,-3.98336421122265E-05,3.11891340262238E-05,-2.44920836298033E-05,1.92844905278303E-05,-1.52214147073466E-05
0.7866569892,-0.0149783598,0.0084543171,-0.0056057517,0.0039688671,-0.0029143757,0.0021905812,-0.0016734786,0.0012937973,-0.0010094571,0.0007933307,-0.0006271484,0.0004981902,-0.0003973681,0.000318055,-0.0002553377,0.0002055245,-0.00016581,0.0001340424,-0.0001085582,8.80626094806518E-05,-7.15417136809752E-05,5.81978208244511E-05,-4.74004158436899E-05,3.86492117533071E-05,-3.15458842386613E-05
265.7045187231,-1.4180428587,0,0,0,0,0,0,0,0,0,0,0,0,0,0,0,0,0,0,0,0,0,0,0,0
1.4657278851,0,0,0,0,0,0,0,0,0,0,0,0,0,0,0,0,0,0,0,0,0,0,0,0,0
3395.4097854009,0.0130593497,0.0041909893,-9.94281566721692E-05,6.14436668512042E-06,-9.26244102705885E-07,2.21211038230471E-07,-6.73416358034303E-08,2.37590633402255E-08,-9.2645593166477E-09,3.8855587905391E-09,-1.72282136898732E-09,7.98221016539577E-10,-3.83267186771043E-10,1.89547028135846E-10,-9.61052390765456E-11,4.97756024256781E-11,-2.62587025449109E-11,1.40768384566856E-11,-7.65388537718185E-12,4.21419091252821E-12,-2.34651193621572E-12,1.31982537091241E-12,-7.49160879852512E-13,4.28781711646859E-13,-2.47277876825203E-13
8.00536407117836E-07,1.3074102094675E-06,6.16897985449344E-07,0.000000051,-6.32547869677325E-09,1.40565121782601E-09,-4.16233503844704E-10,1.46133798231432E-10,-5.73613651883481E-11,2.43647656876245E-11,-1.09770516700866E-11,5.17680527729027E-12,-2.53225925161287E-12,1.27626133727844E-12,-6.59472832589755E-13,3.48033298416331E-13,-1.87028606076362E-13,1.02097699995709E-13,-5.65063299582471E-14,3.16557928854167E-14,-1.79267677185126E-14,1.02506837868203E-14,-5.91273454129374E-15,3.43756276885146E-15,-2.01293711725919E-15,1.18647300820724E-15
1.3002711029,1.30150716959294E-06,5.99291001073243E-07,4.60527664493373E-08,-5.79366329361342E-09,1.29185202284318E-09,-3.83125805963375E-10,1.34644599209352E-10,-5.28924443588516E-11,2.2481214118756E-11,-1.01343018986034E-11,4.78187371340517E-12,-2.34021714715159E-12,1.18001285805205E-12,-6.10004713115597E-13,3.22060968886717E-13,-1.73140858803785E-13,9.45531417536411E-14,-5.23504742520273E-14,2.93383644803591E-14,-1.66203459781521E-14,9.50698630861331E-15,-5.48564022982011E-15,3.19033084181923E-15,-1.86878320941699E-15,1.10186377492166E-15
0.0144838511,0.0100832792,0.0001264516,-6.82330140806148E-06,1.27414704564125E-06,-3.60764065762893E-07,1.2727461133322E-07,-5.1069870719236E-08,2.23143815985586E-08,-1.03627187697255E-08,0.000000005,-2.53953722234202E-09,1.3175110773032E-09,-6.99976110188698E-10,3.79369867238879E-10,-2.09119988190616E-10,1.16965284621808E-10,-6.62558068563149E-11,3.79511351974957E-11,-2.19535185524578E-11,1.28114292090367E-11,-7.53551000952215E-12,4.46390250225747E-12,-2.66143610502089E-12,1.59612736270312E-12,-9.62391981258385E-13
1.1235674637,-0.1132856601,0.0264224256,-0.0096689589,0.0042946911,-0.0021126019,0.0011064004,-0.0006045261,0.0003405733,-0.0001963635,0.000115288,-6.8681717759431E-05,4.14099043476918E-05,-2.52186908446191E-05,1.54895324673674E-05,-9.58368320979875E-06,5.96744040425455E-06,-3.73650340603494E-06,2.35116772486384E-06,-0.000001486,9.42847005759511E-07,-6.00363057508346E-07,3.83514314722589E-07,-2.45707696170627E-07,1.5783973808929E-07,-1.01643287147984E-07
0.7831355276,-0.0113879504,0.0052105676,-0.0028135731,0.0016236053,-0.0009720454,0.0005957948,-0.0003711888,0.0002340483,-0.0001489398,9.54717884828489E-05,-6.15602063835073E-05,0.000039888,-2.59516723110707E-05,1.69435901411184E-05,-1.10956874252669E-05,7.28522911153995E-06,-4.79440243354445E-06,3.1616488774035E-06,-2.08874185843932E-06,1.38218665570813E-06,-0.000000916,6.0784832217175E-07,-4.03859582934136E-07,2.68627478111542E-07,-1.78861026463168E-07
265.3215350397,-1.4180428587,0,0,0,0,0,0,0,0,0,0,0,0,0,0,0,0,0,0,0,0,0,0,0,0
1.7649395229,0,0,0,0,0,0,0,0,0,0,0,0,0,0,0,0,0,0,0,0,0,0,0,0,0
3395.4140655033,0.0155412547,0.0041048152,-9.28011963808347E-05,5.00359682753143E-06,-6.2754631792661E-07,1.23925483760273E-07,-3.12432436349659E-08,9.14089048851365E-09,-0.000000003,0.000000001,-3.79132188650618E-10,1.45875512940622E-10,-5.81713630290871E-11,2.3894619845313E-11,-1.00629437189076E-11,4.32915733600115E-12,-1.89705261354441E-12,8.44769716000444E-13,-3.81547157719206E-13,1.74509113013868E-13,-8.07175262015608E-14,3.77142483316429E-14,-1.77832078117692E-14,8.4551035857083E-15,-4.05057674521106E-15
1.24827604702112E-06,1.68964041810919E-06,6.59589546747942E-07,4.44738795387795E-08,-4.67067224325031E-09,8.66437429396235E-10,-2.13176130292556E-10,6.21500406712034E-11,-2.02574986138719E-11,7.14529772428021E-12,-2.67332158417975E-12,1.0470002538132E-12,-4.25325706534917E-13,1.78028058462733E-13,-7.63987836840517E-14,3.34853791234216E-14,-1.49448210262487E-14,6.77562950602355E-15,-3.11446950510297E-15,1.44909006483924E-15,-6.81555138856615E-16,3.2367566790146E-16,-1.55061866819449E-16,7.48734284324967E-17,-3.64140231392876E-17,1.78261887801516E-17
1.3002715472,1.67193189534683E-06,6.37823277534294E-07,4.01017484445009E-08,-4.27337597555692E-09,7.95681159703281E-10,-1.96087726590729E-10,5.72261851701313E-11,-1.86668284670787E-11,6.58837824640895E-12,-2.46630864664916E-12,9.66400328094765E-13,-3.92761272417524E-13,1.64467123778732E-13,-7.06074262246383E-14,3.09587989748005E-14,-1.38222149688036E-14,6.26886321665624E-15,-2.88250759217385E-15,1.34160498854101E-15,-6.31203496286138E-16,2.9985700762501E-16,-1.43695081668892E-16,6.94056226242262E-17,-3.37647225275333E-17,1.65340167238619E-17
0.0175120331,0.0101572418,0.0001209276,-0.000005565,8.67462121209972E-07,-2.02897555598458E-07,5.92691390562797E-08,-1.97218234592882E-08,7.15159037827731E-09,-2.7574436433962E-09,1.11342819998756E-09,-4.6610775307929E-10,2.0086655712867E-10,-8.86513973816264E-11,3.99147291670664E-11,-1.82787851648021E-11,8.49375762447227E-12,-3.99728356844483E-12,1.90225638328857E-12,-9.14229941252404E-13,4.43260105167778E-13,-2.16613459391406E-13,1.06610649652439E-13,-5.2809975513929E-14,2.6313709817521E-14,-1.31820047795473E-14
1.0918076422,-0.0996818929,0.0195924465,-0.0059607777,0.0021984255,-0.0008979563,0.0003905185,-0.0001771984,0.000082906,-3.96987633493147E-05,1.93574522146262E-05,-9.57763118208878E-06,0.000004796,-2.42580308481824E-06,1.23746527985247E-06,-6.35902697006263E-07,3.28860166316123E-07,-0.000000171,8.93799554998249E-08,-4.69172736617074E-08,2.47248983311075E-08,-1.3076051278807E-08,6.93767798393726E-09,-3.69165998724037E-09,0.000000002,-1.05347340920894E-09
0.7801302836,-0.0088834482,0.003353474,-0.0015011493,0.000718778,-0.0003571848,0.0001817466,-0.000094009,4.92166562219442E-05,-2.60056922334593E-05,0.000013842,-7.41137166020351E-06,3.98772735610626E-06,-2.15446471115139E-06,1.16809024386383E-06,-6.35224025208328E-07,3.46355254375012E-07,-1.89287739551514E-07,1.03660713627264E-07,-5.68722806762761E-08,3.12536212625731E-08,-1.72006042555358E-08,9.47918110828099E-09,-5.23033816109035E-09,2.88918424667994E-09,-1.59759783029603E-09
264.8972401136,-1.4180428587,0,0,0,0,0,0,0,0,0,0,0,0,0,0,0,0,0,0,0,0,0,0,0,0
2.1329353437,0,0,0,0,0,0,0,0,0,0,0,0,0,0,0,0,0,0,0,0,0,0,0,0,0
3395.4203359611,0.0185256071,0.0040061468,-8.61794206478422E-05,4.05582372367789E-06,-4.22696120085019E-07,6.8768913417062E-08,-1.4298959568939E-08,3.45509598870329E-09,-9.24106404680337E-10,2.66060272360785E-10,-8.10233340692298E-11,2.57911670762974E-11,-8.50975028286978E-12,2.89241967421878E-12,-1.00800966700669E-12,3.58872205748789E-13,-1.30144682501275E-13,4.79630234202007E-14,-1.79285762914944E-14,6.78658822771588E-15,-2.59801793104132E-15,1.0046730325828E-15,-3.92082674312545E-16,1.54289857122895E-16,-6.11770224553922E-17
1.96151492564986E-06,2.19230162011688E-06,7.05273853960408E-07,3.8593077495371E-08,-3.42213634066298E-09,5.28881003135246E-10,-1.07769252992144E-10,2.59982715815057E-11,-7.01113315948999E-12,2.04611825393636E-12,-6.33408727229732E-13,2.05264764470114E-13,-6.89975521507556E-14,2.38974972895432E-14,-8.48610073252917E-15,3.07779286884371E-15,-1.13668748374472E-15,4.26451141517558E-16,-1.62209222086362E-16,6.24540796725527E-17,-2.43076082871426E-17,9.55275514388511E-18,-3.78706110616505E-18,1.5132298938392E-18,-6.09013298889959E-19,2.46716642044147E-19
1.3002722508,2.15687039559542E-06,0.000000679,3.47243163749503E-08,-3.12724991482938E-09,4.85283532127628E-10,-9.90603800799623E-11,2.39226113163409E-11,-6.45632982285827E-12,1.88537121970041E-12,-5.83955655460881E-13,1.89327609765261E-13,-6.3667590765776E-14,2.20601485024278E-14,-7.83654507930257E-15,2.84320119881096E-15,-1.05039802110976E-15,3.94203734068466E-16,-1.49989391830031E-16,5.77663569289696E-17,-2.24896000214329E-17,8.84077036620175E-18,-3.50576448919735E-18,1.40120477334978E-18,-5.6407560228077E-19,2.28570734561268E-19
0.0212659691,0.0102441391,0.0001154016,-4.51421903046178E-06,5.8743332923759E-07,-1.13058313332306E-07,2.72287670664592E-08,-7.48237829910823E-09,2.24280837580556E-09,-7.15178222795574E-10,2.38900383347993E-10,-8.27500187397346E-11,2.95099935623888E-11,-1.07786084412469E-11,4.01653247668789E-12,-1.5223859193371E-12,5.85531367351896E-13,-2.28085812853491E-13,8.98448238820904E-14,-3.57417671803415E-14,1.43443313151217E-14,-5.80245336022699E-15,2.36392691115374E-15,-9.69301111055229E-16,3.99793454771138E-16,-1.65785710171536E-16
1.0575163862,-0.0873145289,0.0144376196,-0.0036405176,0.0011109072,-0.0003753977,0.0001350764,-5.07136108344588E-05,1.96333684053516E-05,-7.77931304841997E-06,3.13889003503041E-06,-1.28515496305844E-06,5.32536053785043E-07,-2.2289687844079E-07,9.40938625648619E-08,-0.00000004,1.71239963124866E-08,-7.3694256351946E-09,3.18717034303781E-09,-1.38447505923827E-09,6.03774766759818E-10,-2.64244443696873E-10,1.16019990044772E-10,-5.10893490170016E-11,2.25574094337946E-11,-9.9842081729099E-12
0.7772516839,-0.0069086327,0.0021416567,-0.0007916511,0.000313345,-0.0001287675,5.41934946331412E-05,-2.31881113303246E-05,1.00427761669006E-05,-4.39012697350109E-06,1.93325416870388E-06,-8.56414675254997E-07,3.81254152178416E-07,-1.70427475332287E-07,7.64528861487538E-08,-3.44006643538768E-08,1.55198854810605E-08,-0.000000007,3.18013401351328E-09,-1.44367243772301E-09,6.56459183629161E-10,-2.98945999693415E-10,1.36321258891598E-10,-6.22397915490443E-11,2.84485996381603E-11,-1.30167320870469E-11
264.3754062678,-1.4180428587,0,0,0,0,0,0,0,0,0,0,0,0,0,0,0,0,0,0,0,0,0,0,0,0
2.5773736118,0,0,0,0,0,0,0,0,0,0,0,0,0,0,0,0,0,0,0,0,0,0,0,0,0
3395.4293533513,0.0220368574,0.0038957139,-0.0000797,3.28410386679249E-06,-2.85254138039272E-07,3.82534788727933E-08,-6.55799856167385E-09,1.30831065041263E-09,-2.89169005596669E-10,6.88370004078639E-11,-1.73382680549954E-11,4.56573696087379E-12,-1.24641283651649E-12,3.50553478244303E-13,-1.01096576168051E-13,2.97860789331633E-14,-8.93962246138595E-15,2.72666680112949E-15,-8.43557570724234E-16,2.64284867018303E-16,-8.37378155514717E-17,2.68020768143453E-17,-8.65745216053746E-18,2.81982592806807E-18,-9.25441174875947E-19
3.0784300463842E-06,0.000002841,7.53084214481549E-07,3.33946231617872E-08,-2.50180084926892E-09,3.22746659851103E-10,-5.4501749435267E-11,1.08821093705894E-11,-2.42835109740696E-12,5.86412631822488E-13,-1.50216150243554E-13,4.02826948656397E-14,-1.12051852787933E-14,3.21163978623199E-15,-9.43795431505925E-16,2.83275731298262E-16,-8.65795709602283E-17,2.68813678127144E-17,-8.46190515754737E-18,2.69628820772728E-18,-8.68485599215545E-19,2.82465657248151E-19,-9.26738965590353E-20,3.0646397190515E-20,-1.02075574469965E-20,3.42227615530004E-21
1.3002733464,0.00000278,7.21940196978978E-07,0.00000003,-2.2831412742409E-09,2.95870780522775E-10,-5.00603079821864E-11,1.00065247352449E-11,-2.23472573270854E-12,5.39989437794558E-13,-1.38396255692928E-13,3.71298737909891E-14,-1.03323979372065E-14,2.96258688096223E-15,-8.70909011248046E-16,2.61484378922699E-16,-7.99439844284629E-17,2.48284425726197E-17,-7.81787563838082E-18,2.49175243177039E-18,-8.02814587234418E-19,2.61173376712517E-19,-8.57093595818378E-20,2.83501338008638E-20,-9.44495604159051E-21,3.16733044016674E-21
0.0258412762,0.0103442286,0.0001099933,-3.65384114682018E-06,3.98755501255149E-07,-6.31637858822175E-08,1.25366394890471E-08,-2.84383033782088E-09,7.04408907444725E-10,-1.85728412654087E-10,5.13179031239657E-11,-1.47064164623388E-11,4.33970337411288E-12,-1.31174994656529E-12,4.04547396101953E-13,-1.26910156840068E-13,4.04010886447325E-14,-1.30264482258735E-14,4.24733131595555E-15,-1.39862935545166E-15,4.64640374825481E-16,-1.55583475549834E-16,5.24692854859374E-17,-1.78095284137887E-17,6.08071509325771E-18,-2.08734136595061E-18
1.0212803979,-0.0763099212,0.0106347428,-0.0022241362,0.0005616634,-0.0001570368,4.67544268423723E-05,-1.45253604692146E-05,4.6534467576497E-06,-1.52584902464614E-06,5.09501997839566E-07,-1.72636011139331E-07,5.92019472535734E-08,-2.05071766018199E-08,7.16442103976947E-09,-2.52139570831142E-09,8.93033089381878E-10,-3.18067999823381E-10,1.13845764535803E-10,-4.09282473665814E-11,1.47720358871084E-11,-5.35056300624696E-12,1.94426470773332E-12,-7.08569613182894E-13,2.58923531100509E-13,-9.48476474480198E-14
0.774545101,-0.0053845532,0.001369461,-0.0004179292,0.0001367406,-4.64707227706962E-05,1.61775256096744E-05,-5.72632377299129E-06,2.05184339770045E-06,-7.42114636598958E-07,2.70397988698307E-07,-9.91133378917908E-08,3.65095230455523E-08,-1.35046344034929E-08,0.000000005,-1.86651739058084E-09,6.96822426503405E-10,-2.60750894812975E-10,9.77748707863191E-11,-3.67307128906618E-11,1.38213337945557E-11,-5.20857456494394E-12,1.96551231822882E-12,-7.42622792740446E-13,2.80899355744029E-13,-1.06361170337522E-13
263.7451737557,-1.4180428587,0,0,0,0,0,0,0,0,0,0,0,0,0,0,0,0,0,0,0,0,0,0,0,0
3.1161105751,0,0,0,0,0,0,0,0,0,0,0,0,0,0,0,0,0,0,0,0,0,0,0,0,0
3395.4423439058,0.026166935,0.0037722177,-7.33477619975522E-05,2.65272078967439E-06,-1.9255719371382E-07,2.12914529737153E-08,-0.000000003,4.94804138433182E-10,-9.02937331017301E-11,1.77574020749407E-11,-3.69643113298229E-12,8.04667041507002E-13,-1.81622487007147E-13,4.22392830119624E-14,-1.0073752569614E-14,2.45464793587192E-15,-6.09309420252538E-16,1.53713010114299E-16,-3.93338630295466E-17,1.01931475017915E-17,-2.67147166304535E-18,7.07290034198551E-19,-1.88984118800345E-19,5.09176798977142E-20,-1.38232576057908E-20
4.83255990880906E-06,0.00000368,8.03145000587153E-07,2.87965837727588E-08,-1.82174006217483E-09,1.9650497288126E-10,-2.75048783829967E-11,4.54388921565721E-12,-8.38626609625061E-13,1.67484418175058E-13,-3.54817448460904E-14,7.86925029660026E-15,-1.81037915985046E-15,4.2916156670167E-16,-1.0430901029084E-16,2.58945633567723E-17,-6.54597429503459E-18,1.68102242709603E-18,-4.37679920887433E-19,1.15351616936517E-19,-3.07320196008438E-20,8.26736539896834E-21,-2.24353860217305E-21,6.13665383559954E-22,-1.69064089641401E-22,4.68838255212073E-23
1.3002750581,3.58261474623286E-06,7.66820851120744E-07,2.57837660633669E-08,-1.66000554006113E-09,1.7995856910183E-10,-2.52433192198164E-11,4.17533936518834E-12,-7.71244896727111E-13,1.54125143642813E-13,-3.26685896608693E-14,7.24858652832945E-15,-1.66825299788421E-15,3.95611874208085E-16,-9.61864701442405E-17,2.38855136502676E-17,-6.03985004338831E-18,1.55147455072316E-18,-4.0405597125128E-19,1.06516682967368E-19,-2.83850731193877E-20,7.63778560520328E-21,-2.07315684867618E-21,5.67186313683724E-22,-1.56292630689264E-22,4.33511820950828E-23
0.0314454784,0.0104597879,0.0001046971,-2.94557271775935E-06,2.70931427419101E-07,-3.53199920710672E-08,5.7717358887503E-09,-1.07961087107543E-09,2.20763981342822E-10,-4.80870414737402E-11,1.09812823588845E-11,-2.6016322547113E-12,6.34796773748926E-13,-1.58678338279795E-13,4.04732906268694E-14,-1.05016628270624E-14,2.76528636824576E-15,-7.37523704873018E-16,1.98921985680717E-16,-5.41872215099762E-17,1.48918119290673E-17,-4.12512876233737E-18,1.1508756859932E-18,-3.23168971470528E-19,9.12829739609578E-20,-2.59232675106356E-20
0.9829494208,-0.066492044,0.0078204484,-0.0013568382,0.0002834557,-6.55374423066401E-05,0.000016136,-4.14580603788594E-06,1.09846124369558E-06,-2.97895192682903E-07,8.22715925372361E-08,-2.30565843654618E-08,6.53980483505202E-09,-1.87371811279305E-09,5.41442717064082E-10,-1.57611616243644E-10,4.61735021769784E-11,-1.36027011955217E-11,4.02720309511969E-12,-1.1975470708226E-12,3.57514544702707E-13,-1.07111900897061E-13,3.21943276781432E-14,-9.70494206031165E-15,2.93338484990251E-15,-8.8881578066209E-16
0.7719861061,-0.0042033376,0.0008755667,-0.0002204018,5.95672179470677E-05,-1.67305324237642E-05,4.81471477644898E-06,-0.000001409,4.17465359022294E-07,-1.24853884388203E-07,3.76191029127666E-08,-1.14031626577303E-08,3.47375126333545E-09,-1.06263365926354E-09,3.26220654832781E-10,-1.00454516552755E-10,3.10160066991947E-11,-9.59887151810266E-12,2.97684291467492E-12,-9.2490160719059E-13,2.87843526832929E-13,-8.97156559782702E-14,2.80007843006999E-14,-8.75003487417599E-15,2.73741819957637E-15,-8.57282701242227E-16
262.9812216521,-1.4180428587,0,0,0,0,0,0,0,0,0,0,0,0,0,0,0,0,0,0,0,0,0,0,0,0
3.7690789991,0,0,0,0,0,0,0,0,0,0,0,0,0,0,0,0,0,0,0,0,0,0,0,0,0
3395.4610184807,0.0310021866,0.003634838,-0.000067138,2.13610515913536E-06,-0.00000013,1.18629469848369E-08,-1.37956024369447E-09,1.87085337666987E-10,-2.81639610841166E-11,4.57239731556356E-12,-7.86087133975625E-13,1.41370011574106E-13,-2.63665059645496E-14,5.06762587349605E-15,-9.98919816373391E-16,2.01193871600949E-16,-4.12834928540772E-17,8.60960457838857E-18,-1.82133560432444E-18,3.90207872154893E-19,-8.45500183409916E-20,1.85073926892986E-20,-4.08851134555395E-21,9.10766635257037E-22,-2.04433914119225E-22
7.5856441729617E-06,4.7638504857609E-06,8.55376237627202E-07,2.47473600968372E-08,-1.32045090747996E-09,1.1935484699047E-10,-1.38542637439785E-11,1.89357558658667E-12,-2.88953352330407E-13,4.77059419539248E-14,-8.35472602327012E-15,1.53177235507088E-15,-2.9132076640579E-16,5.70914458207848E-17,-1.14716730359644E-17,2.35436438295471E-18,-4.92044192842335E-19,1.04465264525374E-19,-2.24867596153544E-20,4.89968972949463E-21,-1.07922755245705E-21,2.40031452062162E-22,-5.38536893673022E-23,1.21785619605991E-23,-2.77395627488975E-24,6.35998903012102E-25
1.3002777313,4.61531342514072E-06,8.1352332168395E-07,2.2097046820428E-08,-1.20117018677898E-09,1.09179912376833E-10,-1.27040050986547E-11,1.73868574930884E-12,-2.65553349323114E-13,4.38716955860258E-14,-7.68733528016319E-15,1.41004699479542E-15,-2.68276001600471E-16,5.25937884063895E-17,-1.05713283875604E-17,2.1702271266731E-18,-4.53686372873921E-19,9.63466450709985E-20,-2.07442977389066E-20,4.52108439060861E-21,-9.96058716301051E-22,2.21581869316001E-22,-4.97247278019899E-23,1.12471103401435E-23,-2.56229997531796E-24,5.87583824172365E-25
0.0383192544,0.0105930212,9.95352196010412E-05,-0.000002362,1.84244309055715E-07,-1.977814956365E-08,2.65941010335336E-09,-4.0980302105957E-10,6.91170301442911E-11,-1.24274109354513E-11,2.34381386102861E-12,-4.58752414649759E-13,9.24970498324377E-14,-1.91091203983962E-14,4.02876263218031E-15,-8.64129466442702E-16,1.88107893421009E-16,-4.14773761144016E-17,9.24919666804215E-18,-2.0831382972286E-18,4.7334755873115E-19,-1.08415356832262E-19,2.50097929035297E-20,-5.80692368781583E-21,1.35627070123925E-21,-3.18486468416983E-22
0.9425336742,-0.057748863,0.0057408169,-0.0008266884,0.0001428479,-2.73017204383215E-05,5.55633466233951E-06,-1.18007784670492E-06,2.58472684222901E-07,-5.79477327423292E-08,1.32305221838618E-08,-3.06538134826809E-09,7.18824958045021E-10,-1.7026931291017E-10,4.06782568427069E-11,-9.78991422167736E-12,2.37119301229143E-12,-5.77543646665505E-13,1.41367811889106E-13,-3.47558938849374E-14,8.57866569318641E-15,-2.12498089246279E-15,5.28066847626699E-16,-1.31612026230158E-16,3.28901232819031E-17,-8.2395349202474E-18
0.769562568,-0.0032878883,0.0005599673,-0.0001161682,2.59182083466163E-05,-0.000006013,1.42975646170048E-06,-3.45775876183529E-07,8.46671617932604E-08,-2.09290898836544E-08,5.21233049957072E-09,-1.30599072307591E-09,3.28864590147476E-10,-8.31601710500267E-11,2.1103990805742E-11,-5.37217878630199E-12,1.37119807104466E-12,-3.50810394146934E-13,8.99394317111806E-14,-2.31012330198315E-14,5.94353094210649E-15,-1.53146616191863E-15,3.95150785929624E-16,-1.0208408764656E-16,2.6402615319277E-17,-6.83579646164171E-18
262.0552844416,-1.4180428587,0,0,0,0,0,0,0,0,0,0,0,0,0,0,0,0,0,0,0,0,0,0,0,0
4.5596487622,0,0,0,0,0,0,0,0,0,0,0,0,0,0,0,0,0,0,0,0,0,0,0,0,0
3395.4877672713,0.0366274766,0.003483036,-6.10943673527251E-05,1.71382757495124E-06,-8.77551206049979E-08,6.621455806035E-09,-6.34115431698013E-10,7.08386920564606E-11,-8.79261547916491E-12,1.17781861679972E-12,-1.67161270636588E-13,2.48258271964772E-14,-3.8245983544419E-15,6.07295735463623E-16,-9.89109887608018E-17,1.64622462848476E-17,-2.79153988022964E-18,4.81137664303705E-19,-8.41231325657027E-20,1.48962681267573E-20,-2.66787121515687E-21,4.82700195052953E-22,-8.8143046217014E-23,1.62303778710023E-23,-3.01148004863925E-24
1.18981567756761E-05,6.16032152378391E-06,9.09637236407413E-07,2.12024933166572E-08,-0.000000001,7.23312233361899E-11,-6.96964289224603E-12,7.88389677850408E-13,-9.94720278986378E-14,1.35750248022775E-14,-1.96500546920449E-15,2.97772607392893E-16,-4.6808486115341E-17,7.58215268795992E-18,-1.25928010901313E-18,2.13623290956923E-19,-3.69031092579251E-20,6.47617605498207E-21,-1.15229829665218E-21,2.07539551115346E-22,-3.77869745892505E-23,6.9469836249892E-24,-1.28838171666266E-24,2.40839535607627E-25,-4.53456437966198E-26,8.59404967547002E-27
1.3002818989,5.94085759645871E-06,8.61901448467492E-07,1.88753738793089E-08,-8.645053106205E-10,6.60792983512358E-11,-6.38476898566805E-12,7.23313002669469E-13,-9.13499135579747E-14,1.24754224967023E-14,-1.80684394437804E-15,2.73931972879121E-16,-4.30780143564664E-17,6.98033955843228E-18,-1.15969600709473E-18,1.96787018024303E-19,-3.40037985287468E-20,5.96886960326446E-21,-1.06228480486674E-21,1.91370132766053E-22,-3.48504230054983E-23,6.40841883475351E-24,-1.18873317747879E-24,2.2225409939516E-25,-4.18540060252838E-26,7.93371073768235E-27
0.0467548856,0.0107463012,9.45396415058304E-05,-1.88136788176865E-06,1.25412200922818E-07,-1.10995027614676E-08,1.22810399720729E-09,-1.55812574472556E-10,2.16612874549575E-11,-3.21311724253866E-12,5.00230198253412E-13,-8.08531974617034E-14,1.3465944137089E-14,-2.29838936635852E-15,4.00396187224436E-16,-7.09705987035494E-17,1.27680157815821E-17,-2.32686951375063E-18,4.28875349821488E-19,-7.98415903818013E-20,1.49964908634135E-20,-2.83929571479662E-21,5.41439735059406E-22,-1.03923710463445E-22,2.00655193056214E-23,-3.89526006423043E-24
0.9001072419,-0.0499842568,0.0042072749,-0.0005032988,7.19496425211007E-05,-1.13664766573837E-05,1.91181129845498E-06,-3.3557871667766E-07,6.07493706017884E-08,-1.12569757361657E-08,2.12437971270084E-09,-4.06835294183971E-10,7.88575457350214E-11,-1.54400260515885E-11,3.04908783059575E-12,-6.06577110926658E-13,1.21444122760943E-13,-2.44511508578937E-14,4.94734245096289E-15,-1.00544559222823E-15,2.05144563760754E-16,-4.20055555719291E-17,8.62885461665878E-18,-1.77776085760637E-18,3.67246474572209E-19,-7.60518806510161E-20
0.7672644039,-0.0025786708,0.00035853,-6.12575894012414E-05,1.12779446338892E-05,-2.160585797948E-06,4.24364809013041E-07,-8.47912475285469E-08,1.71554115485537E-08,-3.50429391218418E-09,7.21224619437179E-10,-1.49343112280296E-10,3.10801140912632E-11,-6.49549392925458E-12,1.36239022602635E-12,-2.86638641693953E-13,6.04697046448973E-14,-1.27869972816947E-14,2.70962432067588E-15,-5.75255382206978E-16,1.22331958748662E-16,-2.60540695260581E-17,5.55656415554349E-18,-1.18653113526883E-18,2.53657488778067E-19,-5.42839404804937E-20
260.9342226347,-1.4180428587,0,0,0,0,0,0,0,0,0,0,0,0,0,0,0,0,0,0,0,0,0,0,0,0
5.5129930766,0,0,0,0,0,0,0,0,0,0,0,0,0,0,0,0,0,0,0,0,0,0,0,0,0
3395.525799894,0.0431075678,0.0033169624,-5.52574056946194E-05,1.36994000137977E-06,-5.92735970906069E-08,3.70952001288085E-09,-2.92925680732383E-10,2.6969180739273E-11,-2.76066495982504E-12,3.05198122369783E-13,-3.57671648831404E-14,4.38802068999597E-15,-5.58584779556363E-16,7.33045367033043E-17,-9.86890145712762E-18,1.35786771801286E-18,-1.90368674146412E-19,2.71290920893006E-20,-3.92211635781878E-21,5.7430408857156E-22,-8.50560820905391E-23,1.27264706615118E-23,-1.92185337874048E-24,2.92666110493524E-25,-4.49100853002089E-26
1.86154389052536E-05,7.94949644758597E-06,9.65636202536421E-07,1.81271717477206E-08,-6.83172168842728E-10,4.3790211758616E-11,-3.50947136859966E-12,3.28967348914164E-13,-3.43479848614966E-14,3.87732350220815E-15,-4.64174160289613E-16,5.81712319092528E-17,-7.56225224058775E-18,1.01303516137E-18,-1.39143819600825E-19,1.95210973598308E-20,-2.78892524479265E-21,4.04775939299566E-22,-5.95643629603944E-23,8.8726019645552E-24,-1.33605222840794E-24,2.03147323800852E-25,-3.11598210117411E-26,4.8174317782551E-27,-7.50174630138647E-28,1.17588570977811E-28
1.3002883617,0.000007633,9.11675082628235E-07,1.60861583537541E-08,-6.1890809464255E-10,3.9946200638096E-11,-3.21144800492819E-12,3.01542983098482E-13,-3.15186377875394E-14,3.56068330417966E-15,-4.26521588284309E-16,5.34785140879303E-17,-6.95506369783E-18,9.32031215159706E-19,-1.28058613903263E-19,1.79711099564703E-20,-2.56816506929845E-21,3.7282729538302E-22,-5.48756269382221E-23,8.17594817051882E-24,-1.23140165428139E-24,1.87271759879188E-25,-2.87301115670851E-26,4.44258598858782E-27,-6.9192284675383E-28,1.08475802719268E-28
0.0570842001,0.0109218231,8.97596169200729E-05,-1.48643794436665E-06,8.55186234820174E-08,-6.25465297686145E-09,5.70199810915832E-10,-5.95832082234829E-11,6.82871556084631E-12,-8.35779605542767E-13,1.07429736981301E-13,-1.43429194723603E-14,1.97379317766652E-15,-2.78428001622031E-16,4.00938290208148E-17,-5.87516588971243E-18,8.73900841639743E-19,-1.31686620759439E-19,2.00705171431792E-20,-3.08984253260589E-21,4.79948234071839E-22,-7.5149791370211E-23,1.18520115893369E-23,-1.88144628291185E-24,3.00449642483362E-25,-4.82402379595261E-26
0.8558945046,-0.0431246054,0.0030808719,-0.0003066905,3.63111928400472E-05,-0.000004745,0.00000066,-9.57954533987082E-08,1.4340615132736E-08,-2.19753838733868E-09,3.42963042539892E-10,-5.43179974776253E-11,8.70734854091965E-12,-1.40998442988795E-12,2.30284514966296E-13,-3.78890159246634E-14,6.27392913882634E-15,-1.04472252198755E-15,1.7482940589175E-16,-2.9386232118706E-17,4.95895135589952E-18,-8.39812874021533E-19,1.42684294139746E-19,-2.43133437874363E-20,4.15411288385432E-21,-7.11509637787707E-22
0.7650867032,-0.0020302864,0.0002302555,-3.24006360505699E-05,4.92382925296758E-06,-7.79245542885855E-07,1.2648472656256E-07,-2.0890023321727E-08,3.49410872996457E-09,-5.90095439114702E-10,1.00416815717129E-10,-1.7193161680519E-11,2.95871711468312E-12,-5.11323301376971E-13,8.86864624881447E-14,-1.54301805563006E-14,2.6919144909366E-15,-4.70743959970218E-16,8.24940892859989E-17,-1.44835872404279E-17,2.5471860526978E-18,-4.48646975039611E-19,7.91310133479345E-20,-1.39744017107531E-20,2.47068668644155E-21,-4.37279626369625E-22
259.5823395379,-1.4180428587,0,0,0,0,0,0,0,0,0,0,0,0,0,0,0,0,0,0,0,0,0,0,0,0
6.6628258157,0,0,0,0,0,0,0,0,0,0,0,0,0,0,0,0,0,0,0,0,0,0,0,0,0
3395.579670074,0.0505241546,0.0031364047,-4.96428178211834E-05,1.08986980406365E-06,-0.00000004,2.08383513510839E-09,-1.35911166222808E-10,1.03193061111852E-11,-8.71356393919103E-13,7.95111149751109E-14,-7.69544400396375E-15,7.80020882916387E-16,-8.20640858731605E-17,8.90275213557179E-18,-9.90990148439958E-19,1.12752130654084E-19,-1.30730275309411E-20,1.54087134766991E-21,-1.84260342503062E-22,2.2318138747633E-23,-2.73430061187488E-24,3.38446887112765E-25,-4.22823046540183E-26,5.32695178820813E-27,-6.76283027192488E-28
2.90591562471039E-05,1.02382261435222E-05,1.02333211984987E-06,1.54741803963362E-08,-4.86914952121004E-10,2.64561185398162E-11,-1.76698578987982E-12,1.3744286643492E-13,-1.18861723097872E-14,1.11056192766982E-15,-1.10013588851529E-16,1.14073499586614E-17,-1.22694093735495E-18,1.35984475610823E-19,-1.54533272481089E-20,1.79373514448257E-21,-2.12026563485183E-22,2.54607234509275E-23,-3.09990481301641E-24,3.82051191986244E-25,-4.75998208148242E-26,5.98834292614338E-27,-7.59987229977918E-28,9.72175308805226E-29,-1.25259523356844E-29,1.62455488022621E-30
1.3002983671,9.78985285481043E-06,9.62788691686374E-07,1.36855668648465E-08,-4.40018668861421E-10,2.40929589775739E-11,-1.61491921114163E-12,1.25858539059402E-13,-1.08976690621259E-14,1.01907618632505E-15,-1.01016500354838E-16,1.04798938107494E-17,-1.12767658013907E-18,1.25029548693155E-19,-1.42130836744327E-20,1.65026138735752E-21,-1.95119695692351E-22,2.34362744136949E-23,-2.85407554019202E-24,3.51828880039402E-25,-4.38432368747563E-26,5.51679246910383E-27,-7.00269042827159E-28,8.95938780611977E-29,-1.15456000325895E-29,1.49764674144753E-30
0.0697590208,0.0111228158,8.52282708623901E-05,-1.16147737131855E-06,5.83632563281142E-08,-3.53549371598215E-09,2.66040060790552E-10,-2.29086539672313E-11,2.16473723949404E-12,-2.18618736185791E-13,2.32026624767485E-14,-2.55908910017853E-15,2.91033490927057E-16,-3.39363232159074E-17,4.04042970517165E-18,-4.8959284171383E-19,6.0227357774096E-20,-7.50638697125203E-21,9.46320618126415E-22,-1.2051280191548E-22,1.54856790227544E-23,-2.00595356441685E-24,2.6173252638293E-25,-3.43750176598723E-26,4.54170909659029E-27,-6.03341303712586E-28
0.8099706975,-0.0370700758,0.002252873,-0.0001869369,1.83504916495581E-05,-1.98487822260652E-06,2.28419025864136E-07,-2.74287097429106E-08,3.39692338298515E-09,-4.30646796951307E-10,5.56044283926414E-11,-7.28605624797128E-12,9.66338509232451E-13,-1.29466897693361E-13,1.74950644398496E-14,-2.38163340718512E-15,3.26298912689107E-16,-4.49567045162433E-17,6.22483837184875E-18,-8.6572468454248E-19,1.2087874546695E-19,-1.69382473239514E-20,2.38116447229784E-21,-3.35727141901677E-22,4.74624010877484E-23,-6.72640218484857E-24
0.7630146683,-0.0016049091,0.000148318,-1.71853221696313E-05,0.000002156,-2.81935358591581E-07,3.7830735353769E-08,-5.1663613609641E-09,7.14641798274661E-10,-9.98217631706765E-11,1.40505097886683E-11,-1.98997386222232E-12,2.83281893837545E-13,-4.04994003151571E-14,5.81110975103431E-15,-8.36431798970727E-16,1.20721898245796E-16,-1.74655032263064E-17,2.5321887119993E-18,-3.67816194924357E-19,5.35181162695855E-20,-7.79890820056561E-21,1.1380668199397E-21,-1.66283415850007E-22,2.43237474400552E-23,-3.56181466911902E-24
257.9518274334,-1.4180428587,0,0,0,0,0,0,0,0,0,0,0,0,0,0,0,0,0,0,0,0,0,0,0,0
8.0488952978,0,0,0,0,0,0,0,0,0,0,0,0,0,0,0,0,0,0,0,0,0,0,0,0,0
3395.6555973256,0.0589435133,0.0029415799,-4.42728656956951E-05,8.62223353156797E-07,-2.69402667036378E-08,1.17281683682687E-09,-6.33214986730476E-11,3.96909321546472E-12,-2.76589315116213E-13,2.08368889182026E-14,-1.665783134883E-15,1.3952712611658E-16,-1.2134517263435E-17,1.08849404024161E-18,-1.00205756478707E-19,9.43059521683159E-21,-9.04557798708239E-22,8.82096557883906E-23,-8.72783853689985E-24,8.74756093128171E-25,-8.86856920856769E-26,9.08440163970155E-27,-9.39247480958202E-28,9.7933279888814E-29,-1.02901729170128E-29
4.52555961145334E-05,1.31594850287241E-05,1.08268366836955E-06,1.32036575849686E-08,-3.44164387216038E-10,1.59381426724404E-11,-8.88983302199348E-13,5.74753390767957E-14,-4.12139111734174E-15,3.18972677541044E-16,-2.61625655306067E-17,2.24575393824633E-18,-1.99944832836314E-19,1.83430249442728E-20,-1.72541638722725E-21,1.65775353445299E-22,-1.62197072915339E-23,1.61219197461803E-24,-1.62476335985095E-25,1.65753056889264E-26,-1.70940873144757E-27,1.7801233702613E-28,-1.8700560600375E-29,1.980157283626E-30,-2.1119048049219E-31,2.26729491005907E-32
1.3003138211,1.25334282216101E-05,1.01518780647002E-06,1.16364891626651E-08,-3.10135706584197E-10,1.44863036467357E-11,-8.1131534329351E-13,5.25710223609457E-14,-3.77499562325327E-15,2.92446605510156E-16,-2.40041871095069E-17,2.06165592029022E-18,-1.83640152746628E-19,1.68539277712683E-20,-1.58589457034731E-21,1.52417039796423E-22,-1.49168259465569E-23,1.48306219758226E-24,-1.49497262039328E-25,1.5254499800938E-26,-1.57351025287246E-27,1.63891270719419E-28,-1.72201904834298E-29,1.82371403461181E-30,-1.94536777300873E-31,2.08882814913153E-32
0.0853368621,0.0113529498,8.0989852521718E-05,-8.94096846760799E-07,3.98388483247684E-08,-0.000000002,1.24715414184758E-10,-8.85809283097279E-12,6.9039119220779E-13,-5.75399888123668E-14,5.04292083960747E-15,-4.59533436916704E-16,4.3195351794412E-17,-4.16441923995433E-18,4.10029056433666E-19,-4.10958729308683E-20,4.18210225381117E-21,-4.3123940546757E-22,4.49833604851252E-23,-4.74029176781058E-24,5.04065540542981E-25,-5.40361819984923E-26,5.83508459063632E-27,-6.34269610530392E-28,6.93594033141612E-29,-7.62633398960668E-30
0.7624783622,-0.0317375175,0.001644473,-0.000113939,9.2850977388579E-06,-0.000000832,7.92648035359037E-08,-7.87822579483269E-09,8.07540813521039E-10,-8.47339108991153E-11,9.05545221379257E-12,-9.82123962435835E-13,1.07816126707347E-13,-1.19563997633122E-14,1.33736534202581E-15,-1.50697819197912E-16,1.70902802890785E-17,-1.94909449826098E-18,2.23395408551477E-19,-2.57179389650374E-20,2.97247785010674E-21,-3.44787349300502E-22,4.01225042070413E-23,-4.68276425411759E-24,5.48004348979692E-25,-6.42890049763375E-26
0.7610360776,-0.0012740875,9.58550970760248E-05,-9.14294035323913E-06,0.000000947,-1.02351224060853E-07,1.13567813379214E-08,-1.28288206529122E-09,1.46811174725532E-10,-1.69674381077929E-11,1.9762405603241E-12,-2.31621296513576E-13,2.72868617272552E-14,-3.22851512113605E-15,3.83394049055497E-16,-4.56729555737894E-17,5.45588711381545E-18,-6.53308385451154E-19,7.83965581358166E-20,-9.42541978002524E-21,1.13512589647629E-21,-1.36916012786915E-22,1.65374601841548E-23,-2.00001660910983E-24,2.42159457449543E-25,-2.93515432849597E-26
255.9863215028,-1.4180428587,0,0,0,0,0,0,0,0,0,0,0,0,0,0,0,0,0,0,0,0,0,0,0,0
9.7190398535,0,0,0,0,0,0,0,0,0,0,0,0,0,0,0,0,0,0,0,0,0,0,0,0,0
3395.7620468352,0.0684138609,0.0027330508,-3.91696901088965E-05,6.77786763238475E-07,-1.80777181261024E-08,6.60530274484944E-10,-2.96037178428328E-11,1.53426932123119E-12,-8.83031242601907E-14,5.49425642648875E-15,-3.62894057262337E-16,2.51232021103306E-17,-1.80652544231734E-18,1.34022057872552E-19,-1.02063484602927E-20,7.94736473172389E-22,-6.3079731560802E-23,5.09084821011786E-24,-4.1691054719951E-25,3.45875386161695E-26,-2.90276141301562E-27,2.46151931246102E-28,-2.10696090237698E-29,1.81883653243313E-30,-1.58229684462273E-31
7.03128810083821E-05,1.68805966888081E-05,1.14373196977322E-06,1.12793257606233E-08,-2.40713252506401E-10,9.56624250802186E-12,-4.46488497893263E-13,2.40402673200304E-14,-1.43121668118388E-15,9.18391814415741E-17,-6.24149933272951E-18,4.43785149429333E-19,-3.27234587398173E-20,2.48615200083314E-21,-1.93661728122937E-22,1.54083672607632E-23,-1.24843011270248E-24,1.02759618877753E-25,-8.57593318657265E-27,7.24502557475999E-28,-6.18747105805029E-29,5.33590498119959E-30,-4.64200000269894E-31,4.07046893931222E-32,-3.59513301589231E-33,3.19628883188284E-34
1.3003376375,1.60165529221316E-05,1.0688936992963E-06,9.90510385474508E-09,-2.16205192336551E-10,8.67538480866921E-12,-4.06807183385284E-13,2.19601094138444E-14,-1.30948943585278E-15,8.41213191051358E-17,-5.72165392817547E-18,4.07081358304518E-19,-3.00324921156431E-20,2.28269205055454E-21,-1.77878965475981E-22,1.4157244445254E-23,-1.14739325565624E-24,9.44679041961384E-26,-7.8858229637035E-27,6.66348197988036E-28,-5.69197935359633E-29,4.90954507841299E-30,-4.27185352949381E-31,3.74653162980186E-32,-3.30955723148691E-33,2.94284647232302E-34
0.1045199621,0.0116166704,0.000077096,-6.74191979319023E-07,2.71883663121327E-08,-1.13531367452565E-09,5.87061078719968E-11,-3.4442108200625E-12,2.2156166665605E-13,-1.52438114924966E-14,1.10341647513042E-15,-8.30845173069633E-17,6.45604204733109E-18,-5.14701345476818E-19,4.19181063282239E-20,-3.47585680359876E-21,2.92689319328739E-22,-2.49768093134867E-23,2.15637139329326E-24,-1.8809113461168E-25,1.65566975687037E-26,-1.4693372559524E-27,1.31358035068909E-28,-1.18215716619231E-29,1.07032320064656E-30,-9.74423815843505E-32
0.7135912891,-0.0270521246,0.0011977286,-6.94121433016958E-05,4.70240501179905E-06,-3.49391215853356E-07,2.7575596381423E-08,-2.26978054999049E-09,1.9265661067983E-10,-1.67389893734154E-11,1.48127603608279E-12,-1.33030593297502E-13,1.20930189316379E-14,-1.11051232542641E-15,1.02860941860099E-16,-9.59819795914434E-18,9.01401744384692E-19,-8.51318699918229E-20,8.0802852615626E-21,-7.70343590201848E-22,7.3733549340783E-23,-7.08268752453915E-24,6.82553712397723E-25,-6.5971251714807E-26,6.39354120533217E-27,-6.21155668601371E-28
0.7591391953,-0.0010160229,6.21724241562284E-05,-4.88010738873532E-06,4.17316174355207E-07,-3.72865429036891E-08,3.42219591337716E-09,-3.19868045813461E-10,3.02947255676898E-11,-2.89806060384848E-12,2.79419117439496E-13,-2.71113147209009E-14,2.64426323665145E-15,-2.59030554556395E-16,2.5468594705392E-17,-2.51212833419303E-18,2.48473892391892E-19,-2.46362334504763E-20,2.44793867549038E-21,-2.43701095093675E-22,2.43029525216241E-23,-2.42734671265663E-24,2.42779909457069E-25,-2.43134871232816E-26,2.43774220103845E-27,-2.44676709294005E-28
253.6179849426,-1.4180428587,0,0,0,0,0,0,0,0,0,0,0,0,0,0,0,0,0,0,0,0,0,0,0,0
10.3544491388,0,0,0,0,0,0,0,0,0,0,0,0,0,0,0,0,0,0,0,0,0,0,0,0,0
3395.8066111531,0.07184031,0.0026599815,-3.75167613436268E-05,6.24103913657836E-07,-1.5790113664502E-08,5.44470854398831E-10,-2.29365808993715E-11,1.1155634054023E-12,-6.0218364613488E-14,3.5137895757144E-15,-2.17664735732539E-16,1.41342354525869E-17,-9.53407113718365E-19,6.63573973773852E-20,-4.74129406497155E-21,3.4641076142709E-22,-2.58001842599083E-23,1.95391940831748E-24,-1.5016141537891E-25,1.16908719189344E-26,-9.20790996703141E-28,7.32798329596599E-29,-5.88676728861063E-30,4.76935657315133E-31,-3.89408547206724E-32
8.15036002628251E-05,1.83474949451296E-05,1.16467331376558E-06,1.07039817018031E-08,-2.12824223361337E-10,8.04902817361174E-12,-3.53955484929358E-13,1.79291640676073E-14,-1.00297457660749E-15,6.04420459041573E-17,-3.85662817819749E-18,2.57418619691131E-19,-1.78174093439938E-20,1.27061988175761E-21,-9.29022736948661E-23,6.93792567671317E-24,-5.27625495561793E-25,4.07635249891112E-26,-3.19314160002527E-27,2.53200427203823E-28,-2.0296716260865E-29,1.64289283188794E-30,-1.34151436766564E-31,1.10414010816299E-32,-9.15344860614021E-34,7.6384689702258E-35
1.3003482486,1.73867052562003E-05,1.0872726405259E-06,9.38864599617901E-09,-1.90923525290524E-10,7.29341961132102E-12,-3.22300450545744E-13,1.63698303740489E-14,-9.1729935310476E-16,5.53433534741941E-17,-3.53431210707728E-18,2.36061037210651E-19,-1.63478597824892E-20,1.16634113076093E-21,-8.53104126957573E-23,6.37309193395994E-24,-4.84813803513894E-25,3.74659522892521E-26,-2.93554461700478E-27,2.32826206397882E-28,-1.866736358261E-29,1.51129821769265E-30,-1.23428318721035E-31,1.01605622149058E-32,-8.42458388136195E-34,7.03131813805544E-35
0.1119322609,0.0117138558,7.58739089800823E-05,-6.09390020670156E-07,2.39083742756632E-08,-9.37805051564231E-10,4.55971030543862E-11,-2.50954167200988E-12,1.51377407718626E-13,-9.76551406624173E-15,6.62862892450154E-16,-4.68112089195641E-17,3.41193431543356E-18,-2.55178542120193E-19,1.94978074637649E-20,-1.51695986742108E-21,1.19859821396091E-22,-9.59797639484717E-24,7.77606281484075E-25,-6.36520569386849E-26,5.25820804425747E-27,-4.37940953484396E-28,3.67442401317074E-29,-3.10351385775551E-30,2.63721483708644E-31,-2.25338799268297E-32
0.6968686196,-0.0256095465,0.0010759711,-5.87414168674273E-05,0.000003741,-0.000000261,1.93421600229638E-08,-1.49442721311688E-09,1.1905885917161E-10,-9.70925586482617E-12,8.06436115949312E-13,-6.79772437050286E-14,5.79997925556556E-15,-4.99915494005256E-16,4.34617260695848E-17,-3.80654552757307E-18,3.35541300621981E-19,-2.97445405277501E-20,2.64990539369888E-21,-2.37125183618036E-22,2.13033894708053E-23,-1.92075838628019E-24,1.73741361890916E-25,-1.57620759027151E-26,1.43381449723311E-27,-1.30751058203041E-28
0.7585175191,-0.0009425242,5.37928309977387E-05,-3.95408877732993E-06,0.000000317,-2.65693685516087E-08,2.28790327092079E-09,-2.00659932475714E-10,1.78339233349054E-11,-1.60102980473821E-12,1.44869051354218E-13,-1.31919484682434E-14,1.20756491872611E-15,-1.11022469705796E-16,1.02452897578888E-17,-9.48472490041679E-19,8.80503026938463E-20,-8.19397262107115E-21,7.64175863781003E-22,-7.14043979222661E-23,6.68348591885852E-24,-6.26547370040061E-25,5.88185514543211E-26,-5.5287828372045E-27,5.20297618109933E-28,-4.9016177296409E-29
252.7169473432,-1.4180428587,0,0,0,0,0,0,0,0,0,0,0,0,0,0,0,0,0,0,0,0,0,0,0,0
12.776167125,0,0,0,0,0,0,0,0,0,0,0,0,0,0,0,0,0,0,0,0,0,0,0,0,0
3395.9956755769,0.0840966683,0.0024073812,-3.22657907601505E-05,4.71578113250441E-07,-0.00000001,2.86017927089223E-10,-9.83352184262912E-12,3.87977692772552E-13,-1.69436565149445E-14,7.99196427579394E-16,-4.00163572609771E-17,2.10083888959845E-18,-1.14604819074681E-19,6.45279841345177E-21,-3.73082525219196E-22,2.20620648310492E-23,-1.33016567933516E-24,8.15606498258179E-26,-5.0871660561264E-27,1.62673242057836E-28,-2.20841275247194E-27,-3.09788542740721E-26,-4.45822420741925E-25,-6.51020405625211E-24,-9.6336748611624E-23
0.0001329119,0.000024166,1.23593761726581E-06,0.000000009,-1.3949777168814E-10,4.51597009273897E-12,-1.63070662840406E-13,6.75613123935663E-15,-3.07704440774341E-16,1.50646881084461E-17,-7.80018952195561E-19,4.22230779929223E-20,-2.36932683451698E-21,1.36958466600566E-22,-8.11613730619743E-24,4.91222809920728E-25,-3.02752151670013E-26,1.89556489844023E-27,-1.20333882733747E-28,7.72941815706803E-30,-5.47686624215208E-31,-5.9763126659474E-31,-8.93034878857845E-30,-1.28476932243587E-28,-1.87605399409268E-27,-2.77607373603891E-26
1.3003968582,2.28082926858464E-05,1.14965817196096E-06,7.89157790407734E-09,-1.24573182200481E-10,4.07953735689643E-12,-1.48150071452474E-13,6.15741820284607E-15,-2.80999551817037E-16,1.37761708114127E-17,-7.14016379384899E-19,3.86799475605616E-20,-2.17183354216192E-21,1.25605671308045E-22,-7.44654432838252E-24,4.50862101144902E-25,-2.77966769453504E-26,1.74088258083184E-27,-1.10543114015611E-28,7.10212587094947E-30,-5.04472584025711E-31,-5.6480783264479E-31,-8.42777146614506E-30,-1.21247481939613E-28,-1.77048940201001E-27,-2.61986787490144E-26
0.1407369926,0.0120718413,7.21745457377926E-05,-4.22289198101375E-07,1.5600699406655E-08,-4.95691328645643E-10,1.97238558456342E-11,-8.79331169787456E-13,4.28806389722141E-14,-2.23464491599862E-15,1.22542944448612E-16,-6.99383937273773E-18,4.12135847738583E-19,-2.49297585193878E-20,1.54110292477982E-21,-9.70301568897189E-23,6.20565447451506E-24,-4.02329109090112E-25,2.60232220253914E-26,-7.02574094453187E-27,-7.69202105304144E-26,-1.14270282704696E-24,-1.7191117670002E-23,-2.61946138208167E-22,-4.03766901396981E-21,-6.28938578203708E-20
0.6404357179,-0.0212560821,0.0007516704,-3.36896065090665E-05,1.74932663297409E-06,-9.91709471845361E-08,0.000000006,-3.73358855731699E-10,2.41073408991744E-11,-1.59317061619208E-12,1.07230506058584E-13,-7.32454237895331E-15,5.06423717626316E-16,-3.53719573615558E-17,2.49200684320234E-18,-1.76871502438961E-19,1.26346110710103E-20,-9.07645535430732E-22,6.55293898993445E-23,-4.75207923877863E-24,3.45945272959141E-25,-2.58330105157578E-26,-5.97011519471578E-27,-1.12732122432284E-25,-1.64437063596366E-24,-2.43355924417009E-23
0.756503384,-0.0007371939,3.33556251796777E-05,-1.97048301843481E-06,1.2750288228158E-07,-8.63927377331083E-09,6.01936046756886E-10,-4.27353422502922E-11,3.07545553869016E-12,-2.23603889234178E-13,1.63881541165968E-14,-1.20887007823049E-15,8.96456038835888E-17,-6.67731281504252E-18,4.99237103157893E-19,-3.74468107596165E-20,2.81670490427147E-21,-2.1239102391345E-22,1.60500055007181E-23,-1.21521971367266E-24,9.21683213139615E-26,-7.01862221013391E-27,2.91878536405453E-28,-3.50563228832874E-27,-5.06030184261033E-26,-7.48951099121913E-25
249.2828474472,-1.4180428587,0,0,0,0,0,0,0,0,0,0,0,0,0,0,0,0,0,0,0,0,0,0,0,0
