     1.08097357710179,                     0,                     0,                     0,                     0,                     0,                     0,                     0,                     0,                     0,                     0,                     0,                     0,                     0,                     0,                     0,                     0,                     0,                     0,                     0,                     0
      3395.4053869831,   0.00978867616276948,   0.00431182794726708, -0.000110573765012441,  8.60160769321977e-06, -1.75959120397982e-06,  5.73597846264406e-07, -2.37595791791956e-07,  1.13845648157087e-07, -6.02340841566587e-08,  3.42603030677125e-08, -2.05957572227193e-08,  1.29355971325354e-08, -8.41865766462636e-09,  5.64291914935239e-09, -3.87754840355808e-09,  2.72166232208207e-09, -1.94575091335306e-09,  1.41353712738063e-09, -1.04151675960317e-09,   7.7709922653055e-10
  3.8577231381195e-07,  8.56960308625751e-07,  5.51471648022652e-07,  6.34125801768093e-08, -1.03695371129176e-08,  3.10579396244018e-09, -1.24658491799949e-09,  5.93532400014373e-10, -3.15939316312593e-10,   1.8197147882207e-10, -1.11162395656711e-10,  7.10798609342835e-11, -4.71402558019274e-11,  3.22116000360455e-11, -2.25658009320895e-11,  1.61454334614251e-11, -1.17627032133427e-11,  8.70525058212848e-12, -6.53168672926521e-12,  4.96068457224511e-12, -3.80844986039529e-12
     1.30027068811119,  8.62284575961189e-07,  5.40096295627032e-07,  5.74545549824396e-08, -9.51272075641566e-09,  2.85773448463652e-09, -1.14869252013921e-09,  5.47477853249948e-10, -2.91664088473443e-10,  1.68110016486579e-10,   -1.027612754344e-10,   6.5747410847466e-11, -4.36283696690938e-11,  2.98278676669943e-11, -2.09066175055187e-11,  1.49657257898106e-11,  -1.0908460588927e-11,  8.07681285762163e-12, -6.06291422825456e-12,  4.60670653155169e-12, -3.53822988525214e-12
   0.0106234053952032,   0.00998260568612245,  0.000135718163463458, -9.51684098856494e-06,  2.40276361427801e-06, -9.29585298098792e-07,  4.46262850188431e-07,  -2.4314018036026e-07,  1.44104243213767e-07, -9.07277397365006e-08,  5.97897191893617e-08, -4.08360124741317e-08,  2.87057830434035e-08, -2.06630307877991e-08,  1.51722128130033e-08, -1.13303472626045e-08,  8.58533041037266e-09, -6.58825183110001e-09,  5.11226365930906e-09, -4.00619784940865e-09,  3.16711833820464e-09
     1.17173327945116,    -0.139196181607582,    0.0431147952913133,   -0.0213694526043346,    0.0128734872816381,  -0.00858786541576422,   0.00609855307274175,  -0.00451795277197881,   0.00345086424246785,  -0.00269745693026559,   0.00214706339711237,  -0.00173405135022398,   0.00141735910809649,  -0.00117017048964936,  0.000974345012086676,  -0.00081724505414377,  0.000689844711964881, -0.000585558627021058,  0.000499492523248322,  -0.00042794979639552,  0.000368098509597076
    0.788495017349025,   -0.0171652663555799,    0.0107464153632644,   -0.0078873835333223,   0.00617895988017875,  -0.00501975442205903,   0.00417400542541556,  -0.00352737531984598,   0.00301663722910896,  -0.00260352087357444,   0.00226327396521365,  -0.00197905399327895,   0.00173893241763996,  -0.00153418337101427,   0.00135825183369522,  -0.00120610314769174,   0.00107379730287433,  -0.00095820130114841,   0.00085678939568212, -0.000767500994465194,  0.000688637431326699
     265.867133138575,     -1.41804285867243,                     0,                     0,                     0,                     0,                     0,                     0,                     0,                     0,                     0,                     0,                     0,                     0,                     0,                     0,                     0,                     0,                     0,                     0,                     0
       1.195648824388,                     0,                     0,                     0,                     0,                     0,                     0,                     0,                     0,                     0,                     0,                     0,                     0,                     0,                     0,                     0,                     0,                     0,                     0,                     0,                     0
     3395.40656603898,    0.0107732841922247,   0.00427444127444091, -0.000106843614720208,  7.69454749842406e-06, -1.42208680098345e-06,  4.18241888577023e-07, -1.56470067681424e-07,   6.7754246704553e-08, -3.24048912497142e-08,  1.66636402163426e-08, -9.05737114584207e-09,  5.14372912440373e-09, -3.02702096641517e-09,  1.83470614965758e-09, -1.14002991993759e-09,  7.23592245439918e-10, -4.67789593606656e-10,  3.07309713726931e-10, -2.04758786040393e-10,  1.38153206554119e-10
 4.91390422216823e-07,   9.8588230439809e-07,  5.72512857024359e-07,   5.9030163479969e-08, -8.80673549974331e-09,  2.38878315700648e-09, -8.66894161473216e-10,  3.73144938921903e-10, -1.79570787284676e-10,  9.35073609261602e-11, -5.16439245847505e-11,  2.98560743331488e-11, -1.79022305123647e-11,  1.10601182967111e-11, -7.00539987990531e-12,  4.53177671066292e-12, -2.98513571050025e-12,  1.99745778835113e-12,  -1.3550711671756e-12,  9.30507031299347e-13, -6.45904500154015e-13
     1.30027079418143,  9.88367542452799e-07,  5.59151890897451e-07,  5.34352382358125e-08, -8.07500865057253e-09,  2.19714534745266e-09, -7.98525767441205e-10,  3.44061437235135e-10, -1.65707564249026e-10,  8.63480745185609e-11, -4.77194889897999e-11,  2.76030883092595e-11, -1.65601698338302e-11,  1.02361791168868e-11, -6.48666868062251e-12,  4.19816902975064e-12, -2.76663179799726e-12,  1.85205967744714e-12,  -1.2569689024842e-12,  8.63500795280379e-13, -5.99636601711074e-13
   0.0117699339670191,    0.0100133710023389,  0.000132620755527304, -8.52480296973763e-06,  1.94649958047017e-06, -6.79225020148303e-07,  2.94505154361517e-07, -1.45019294100666e-07,  7.77042156962775e-08, -4.42356769255414e-08,  2.63608975668643e-08, -1.62816907908523e-08,   1.0350498671045e-08, -6.73798420012251e-09,  4.47439570595554e-09, -3.02191102998606e-09,  2.07085969272809e-09, -1.43721061234693e-09,  1.00860423562885e-09, -7.14821480845873e-10,  5.11078006060181e-10
     1.15630774326635,    -0.130079944442815,    0.0366635313245377,    -0.016433744364727,   0.00894985310777668,  -0.00539760993884816,   0.00346543672066081,  -0.00232112566022111,   0.00160294012286089,  -0.00113287170152902,  0.000815287582181528, -0.000595346478106101,  0.000439978228790487, -0.000328431715514937,  0.000247260256869791, -0.000187516810118551,  0.000143115348481492, -0.000109838028193361,  8.47147878464662e-05, -6.56253007104196e-05,  5.10376994880229e-05
    0.786656989247589,   -0.0149783598179104,   0.00845431710861376,  -0.00560575172832933,   0.00396886710823068,  -0.00291437569891227,   0.00219058120041346,  -0.00167347856841395,   0.00129379732343734,  -0.00100945706698922,  0.000793330695674233, -0.000627148446715831,  0.000498190216422747, -0.000397368103760053,  0.000318054962647361, -0.000255337700969732,  0.000205524478449517, -0.000165809963154297,  0.000134042407072335, -0.000108558246266478,  8.80626094806518e-05
     265.704518723095,     -1.41804285867243,                     0,                     0,                     0,                     0,                     0,                     0,                     0,                     0,                     0,                     0,                     0,                     0,                     0,                     0,                     0,                     0,                     0,                     0,                     0
     1.39168891299618,                     0,                     0,                     0,                     0,                     0,                     0,                     0,                     0,                     0,                     0,                     0,                     0,                     0,                     0,                     0,                     0,                     0,                     0,                     0,                     0
     3395.40884151468,    0.0124371113896563,   0.00421327993595419, -0.000101300491167809,  6.50645623130086e-06, -1.03284310957666e-06,  2.60101418193551e-07, -8.34505601544203e-08,  3.10194434952376e-08, -1.27412522505457e-08,  5.62837249236284e-09, -2.62837956814939e-09,  1.28255171208866e-09, -6.48556338167863e-10,  3.37793184769671e-10, -1.80369969083292e-10,   9.8381552533456e-11,  -5.4657276610135e-11,  3.08571386308332e-11, -1.76687957895791e-11,  1.02450169185623e-11
 7.07097909517174e-07,  1.21691000200779e-06,  6.05361729905033e-07,  5.29284588405809e-08, -6.88227275409418e-09,  1.60878128910342e-09,  -5.0168071128829e-10,  1.85508654949415e-10, -7.66930153191297e-11,   3.4309634880965e-11, -1.62799341129309e-11,  8.08608970355276e-12, -4.16574094540816e-12,   2.2112062286697e-12, -1.20334646000694e-12,  6.68832869235166e-13, -3.78535833022852e-13,  2.17628789242952e-13, -1.26852291877388e-13,  7.48436125200848e-14, -4.46378677617855e-14
     1.30027100982151,  1.21353234722278e-06,  5.88865923034005e-07,  4.78426687705824e-08,  -6.3054339761086e-09,  1.47884272300226e-09, -4.61862570704458e-10,  1.70955425237694e-10, -7.07314928152262e-11,  3.16635899312355e-11, -1.50332064585629e-11,  7.47085558422356e-12, -3.85070834987197e-12,  2.04494547687612e-12, -1.11336450518379e-12,  6.19085162784844e-13, -3.50525096916397e-13,  2.01605346561612e-13, -1.17558119066557e-13,  6.93862347787858e-14, -4.13982948358559e-14
   0.0137379914151966,    0.0100644402082789,  0.000128010567160898, -7.22151358144578e-06,  1.41894088864706e-06, -4.23732210984678e-07,  1.57555675600223e-07,  -6.6605078301473e-08,  3.06543854419906e-08, -1.49934831982451e-08,  7.67779205076201e-09, -4.07530952795743e-09,  2.22654607028813e-09, -1.24573487291914e-09,  7.10993894203442e-10, -4.12720645705159e-10,   2.4309337283266e-10, -1.45008706811435e-10,  8.74677289196642e-11, -5.32818672095671e-11,  3.27434632453882e-11
     1.13210391743287,    -0.117364552758495,    0.0287204228924197,   -0.0110663270736637,   0.00517710411725787,  -0.00268224821207853,   0.00147948378011933, -0.000851379601930858,  0.000505155553315584,  -0.00030674600668359,   0.00018967245502155, -0.000119004117004021,  7.55657074644632e-05,  -4.8466540018805e-05,  3.13513443361784e-05, -2.04290527020114e-05,  1.33968105988051e-05, -8.83437743797367e-06,  5.85451823619135e-06, -3.89683971784268e-06,  2.60400688944913e-06
    0.784008435880597,    -0.012208580979995,   0.00589314344429089,  -0.00335295667746019,   0.00203825211380906,  -0.00128538988154357,  0.000829845983138111, -0.000544549443434588,  0.000361644923501308, -0.000242391315443128,  0.000163646628351545, -0.000111136037992761,  7.58434402706734e-05, -5.19708042964846e-05,  3.57368828205536e-05, -2.46479766636446e-05,  1.70445279728795e-05, -1.18138098125631e-05,  8.20506439612936e-06, -5.70906823296526e-06,  3.97885934273188e-06
      265.42652547543,     -1.41804285867243,                     0,                     0,                     0,                     0,                     0,                     0,                     0,                     0,                     0,                     0,                     0,                     0,                     0,                     0,                     0,                     0,                     0,                     0,                     0
     1.60896596561826,                     0,                     0,                     0,                     0,                     0,                     0,                     0,                     0,                     0,                     0,                     0,                     0,                     0,                     0,                     0,                     0,                     0,                     0,                     0,                     0
      3395.4117416946,    0.0142539186509537,   0.00414899409654636,  -9.6085682455329e-05,  5.54278825219717e-06, -7.61672239491536e-07,  1.65353009192917e-07, -4.57948743339301e-08,  1.47085753678915e-08, -5.22300366705549e-09,  1.99517939389006e-09, -8.05837295401957e-10,  3.40124129980547e-10, -1.48779078576868e-10,  6.70341346335471e-11, -3.09652069192418e-11,  1.46116051879923e-11, -7.02285994137514e-12,  3.43011630733939e-12, -1.69922699556188e-12,  8.52415761704937e-13
 1.00061154747086e-06,  1.48720279043685e-06,  6.38062638853303e-07,  4.76162491577647e-08, -5.43335557190787e-09,  1.10259522646122e-09, -2.97492227314864e-10,  9.51428798610893e-11, -3.40195473367429e-11,  1.31632612743038e-11, -5.40240488336678e-12,  2.32096941615978e-12, -1.03425206592485e-12,  4.74866868619755e-13, -2.23535140491626e-13,  1.07470282874758e-13, -5.26133533562905e-14,   2.6165293118269e-14, -1.31925747413543e-14,   6.7330123437058e-15, -3.47362356694502e-15
     1.30027130177157,  1.47595885069276e-06,  6.18403018881014e-07,  4.29776260200053e-08, -4.97391594092422e-09,  1.01294645879062e-09, -2.73737187486042e-10,  8.76336853437632e-11, -3.13585608563837e-11,  1.21414024304142e-11, -4.98581566118956e-12,  2.14308342418985e-12, -9.55432015875682e-13,  4.38870273926667e-13, -2.06676392041613e-13,  9.94044897843188e-14, -4.86832206366921e-14,  2.42197052391669e-14, -1.22159649800677e-14,  6.23674911173394e-15, -3.21868490308085e-15
   0.0159307355091997,    0.0101190988685514,  0.000123666488013171, -6.16049753144835e-06,  1.05027496213353e-06,  -2.7019428717981e-07,  8.67134414638216e-08, -3.16757131372389e-08,  1.26045472101548e-08,  -5.3319084762017e-09,   2.3617600472912e-09, -1.08448669916689e-09,  5.12611519364273e-10,  -2.4813874891409e-10,  1.22535050485275e-10, -6.15439546007747e-11,  3.13648795036767e-11, -1.61886475128501e-11,  8.44916263501718e-12, -4.45345395630977e-12,  2.36807536071254e-12
     1.10785602988347,    -0.106264997582564,     0.022740434305395,  -0.00758460463390855,   0.00306871545469123,  -0.00137504822223288,   0.00065600245985427, -0.000326522279222181,  0.000167579324659405, -8.80212360233652e-05,  4.70794348858445e-05, -2.55511896602141e-05,  1.40345610362553e-05, -7.78651572722454e-06,  4.35698483557316e-06, -2.45588581970056e-06,  1.39313275369543e-06, -7.94692416984043e-07,  4.55561546849029e-07, -2.62302145657181e-07,  1.51623098762031e-07
    0.781603606386851,   -0.0100511911951239,   0.00417618154868905,  -0.00205251586187766,   0.00107853184095856, -0.000588075213710502,  0.000328300473221192, -0.000186302468163094,  0.000107001871740137, -6.20251918695503e-05,  3.62168601454693e-05, -2.12725467574726e-05,  1.25559601804956e-05, -7.44155936773929e-06,  4.42586511489567e-06, -2.64024043746314e-06,  1.57917789752099e-06,  -9.4672246569983e-07,  5.68726870306779e-07, -3.42277357825657e-07,  2.06331062453084e-07
     265.118417302606,     -1.41804285867243,                     0,                     0,                     0,                     0,                     0,                     0,                     0,                     0,                     0,                     0,                     0,                     0,                     0,                     0,                     0,                     0,                     0,                     0,                     0
      1.8626417523415,                     0,                     0,                     0,                     0,                     0,                     0,                     0,                     0,                     0,                     0,                     0,                     0,                     0,                     0,                     0,                     0,                     0,                     0,                     0,                     0
     3395.41562301588,    0.0163407147119452,   0.00407789540147822, -9.09034337062231e-05,  4.71381314776257e-06, -5.60716953707524e-07,  1.04787456377543e-07, -2.50102071363998e-08,  6.92999999500528e-09, -2.12421022918713e-09,  7.00667887163479e-10, -2.44406166895095e-10,  8.91020985185299e-11,  -3.3667583648079e-11,   1.3104157429534e-11, -5.22933900375463e-12,  2.13178143803153e-12, -8.85196758002431e-13,  3.73527544708619e-13, -1.59866873203237e-13,  6.92876722793068e-14
 1.41969500367843e-06,  1.81978372247185e-06,  6.72365429068013e-07,  4.27274591953958e-08, -4.27602464688475e-09,  7.52947771463668e-10, -1.75572570142321e-10,  4.85014124737853e-11, -1.49790498246043e-11,  5.00619474574512e-12, -1.77472847690241e-12,  6.58603958744536e-13, -2.53512123025542e-13,  1.00546553783024e-13, -4.08854174344901e-14,  1.69801591387922e-14,  -7.1809654058174e-15,   3.0849504630512e-15, -1.34366114247132e-15,  5.92391440515129e-16, -2.64011359795275e-16
     1.30027171666367,  1.79769821894248e-06,  6.49339776448227e-07,  3.85041446233175e-08, -3.91099795671793e-09,  6.91299032482639e-10, -1.61466489137785e-10,  4.46504254052175e-11, -1.38002420164837e-11,  4.61510665219773e-12,    -1.63697149896e-12,  6.07776990253999e-13, -2.34051666292022e-13,   9.2866687797385e-14, -3.77772651473077e-14,  1.56951226786671e-14, -6.63987207280383e-15,  2.85346884093377e-15, -1.24324795713565e-15,  5.48296523116994e-16, -2.44435485136201e-16
   0.0185055675080725,    0.0101807154252609,  0.000119344363505952, -5.24429553112587e-06,   7.7622985501077e-07, -1.71762458866951e-07,  4.74960710660711e-08, -1.49677076322136e-08,  5.14160869214661e-09, -1.87823549767878e-09,  7.18599098283664e-10, -2.85044648202435e-10,  1.16399217144063e-10, -4.86802966192674e-11,  2.07698128145184e-11,  -9.0132870889146e-12,  3.96895040089609e-12, -1.77004073218392e-12,  7.98236841064335e-13,  -3.6354989511216e-13,  1.67037580613778e-13
     1.08225015650608,   -0.0960163292564625,    0.0179633439592774,  -0.00518057213461997,   0.00181038401990218, -0.000700636276378314,  0.000288713348064897,  -0.00012413095742908,  5.50308365682165e-05, -2.49689264431101e-05,  1.15365556349896e-05, -5.40869811932598e-06,  2.56637583556234e-06, -1.23000473010677e-06,  5.94557316281368e-07, -2.89508559535671e-07,  1.41870635005862e-07, -6.99112155048117e-08,  3.46213065768266e-08, -1.72205712814038e-08,   8.5992583842381e-09
    0.779293024659346,  -0.00826862524934788,   0.00295154541445858,  -0.00125122725027782,  0.000567531246649719, -0.000267187319541708,  0.000128806989187959, -6.31256399984517e-05,  3.13126676444692e-05, -1.56766700057695e-05,  7.90614704181618e-06, -4.01098164830616e-06,  2.04486708793203e-06, -1.04681186145094e-06,  5.37770510930349e-07, -2.77102394876819e-07,  1.43162458533059e-07, -7.41352770798827e-08,  3.84691518252056e-08,  -1.9998428137125e-08,  1.04134128226383e-08
     264.758694164825,     -1.41804285867243,                     0,                     0,                     0,                     0,                     0,                     0,                     0,                     0,                     0,                     0,                     0,                     0,                     0,                     0,                     0,                     0,                     0,                     0,                     0
     2.15678002561755,                     0,                     0,                     0,                     0,                     0,                     0,                     0,                     0,                     0,                     0,                     0,                     0,                     0,                     0,                     0,                     0,                     0,                     0,                     0,                     0
     3395.42077997488,    0.0187165108949813,   0.00399999585352942,   -8.579496617383e-05,  4.00600824130949e-06, -4.13025625677306e-07,   6.6436204687879e-08, -1.36583649429053e-08,  3.26341088868026e-09, -8.63123881045748e-10,  2.45744285480846e-10, -7.40071008097082e-11,  2.32969475362285e-11, -7.60173706097669e-12,  2.55521593570851e-12, -8.80649128106418e-13,  3.10063869758062e-13, -1.11201799026691e-13,  4.05290749709396e-14, -1.49823953365945e-14,  5.60870626447437e-15
 2.01419117930319e-06,  2.22600132526999e-06,  7.08022969794068e-07,   3.8269656607886e-08, -3.35998827815776e-09,  5.13767838946253e-10, -1.03539138240661e-10,  2.47017175922491e-11, -6.58778958960924e-12,   1.9013024533688e-12,  -5.8206871103854e-13,  1.86541326300409e-13, -6.20105174630425e-14,   2.1240051311151e-14, -7.45904364432902e-15,  2.67538609035444e-15, -9.77148331172179e-16,  3.62544422824108e-16,  -1.3637669993033e-16,  5.19276022197064e-17, -1.99872304090369e-17
     1.30027230256667,  2.18930922081692e-06,  6.81445824955169e-07,  3.44287758360562e-08, -3.07022639007242e-09,  4.71391961253763e-10, -9.51680668708856e-11,  2.27286787385889e-11, -6.06625243942156e-12,  1.75186445380877e-12, -5.36602729047001e-13,  1.72050887767768e-13,  -5.7217889015745e-14,  1.96061668287532e-14, -6.88779267551138e-15,  2.47135111652978e-15, -9.02926492213062e-16,  3.35112829175775e-16, -1.26096442404218e-16,  4.80274319265424e-17, -1.84913373703655e-17
   0.0215103029220591,    0.0102496349003455,  0.000115080675875043, -4.45882590200501e-06,  5.74182852702455e-07, -1.09250410695723e-07,  2.60147693721903e-08, -7.06880447925212e-09,  2.09526151877647e-09, -6.60715299661182e-10,  2.18262607646127e-10, -7.47649870346055e-11,  2.63675885873007e-11,  -9.5243976244983e-12,  3.50995319396478e-12, -1.31568298221203e-12,  5.00442335462622e-13, -1.92788100535455e-13,  7.51023667592127e-14,  -2.9547150732219e-14,  1.17273325872075e-14
     1.05544255879776,   -0.0866321580157998,    0.0141809381217283,  -0.00353665906620686,   0.00106727935569625, -0.000356663537121975,  0.000126915547572379, -4.71226574586377e-05,  1.80414297922885e-05, -7.06950490736496e-06,  2.82095380222123e-06, -1.14221499754624e-06,  4.68073591347787e-07, -1.93750166123366e-07,  8.08858462390068e-08, -3.40161677784704e-08,  1.43967019957243e-08, -6.12724152189022e-09,   2.6206569722553e-09, -1.12580622511085e-09,  4.85542363784502e-10
     0.77708815678188,  -0.00680783202057892,   0.00208607844252971, -0.000762482316787474,  0.000298444340155845, -0.000121283576999965,  5.04781116398944e-05, -2.13591800373406e-05,  9.14825259228817e-06, -3.95483096439502e-06,  1.72229379776071e-06, -7.54519635754473e-07,  3.32177153714553e-07, -1.46846627032985e-07,   6.5146008570241e-08, -2.89888262873799e-08,  1.29336902070387e-08,  -5.7839446346425e-09,   2.5919122700435e-09, -1.16362831436314e-09,  5.23268072352637e-10
     264.341593486944,     -1.41804285867243,                     0,                     0,                     0,                     0,                     0,                     0,                     0,                     0,                     0,                     0,                     0,                     0,                     0,                     0,                     0,                     0,                     0,                     0,                     0
     2.49829753611371,                     0,                     0,                     0,                     0,                     0,                     0,                     0,                     0,                     0,                     0,                     0,                     0,                     0,                     0,                     0,                     0,                     0,                     0,                     0,                     0
     3395.42763516268,      0.02141924016178,   0.00391474566436228, -8.07570360072759e-05,  3.40059294727321e-06, -3.04302609440717e-07,  4.21252113233991e-08, -7.45506160364776e-09,   1.5349857514597e-09, -3.50099336437579e-10,  8.59937277129902e-11, -2.23475964640086e-11,  6.07155823920798e-12, -1.71003302664546e-12,  4.96183755567265e-13, -1.47626676814667e-13,  4.48722382205074e-14, -1.38936521676335e-14,  4.37179422264658e-15, -1.39531040701516e-15,  4.50977963839189e-16
 2.85847021802951e-06,   2.7224934219587e-06,  7.45066575729691e-07,  3.42066892755277e-08, -2.63471576993645e-09,  3.50104586852881e-10, -6.09761684275595e-11,  1.25597737044644e-11, -2.89147764362177e-12,  7.20366469554437e-13, -1.90373828769253e-13,  5.26681165050737e-14, -1.51142076551512e-14,  4.46919132975222e-15, -1.35492332158105e-15,  4.19546496218032e-16, -1.32287664058405e-16,  4.23728717774279e-17, -1.37605828189751e-17,  4.52341802253551e-18, -1.50312267664685e-18
     1.30027313106567,  2.66634776160481e-06,  7.14741680478448e-07,  3.07180665342438e-08, -2.40499771108529e-09,  3.21000861062368e-10, -5.60141316008927e-11,   1.1550505451284e-11, -2.66121248004443e-12,  6.63409873994492e-13,  -1.7541300608107e-13,  4.85512464154083e-14, -1.39385051807825e-14,  4.12309395526615e-15, -1.25043483160217e-15,  3.87319545866086e-16, -1.22164272717367e-16,  3.91419211099833e-17, -1.27149661822081e-17,  4.18085165534554e-18, -1.38965890331041e-18
   0.0250239847948475,     0.010326763585937,     0.000110875373911, -3.78404687160457e-06,  4.24956320909889e-07,  -6.9505770662359e-08,  1.42422809715599e-08, -3.33450054916967e-09,  8.52318495850428e-10, -2.31877798395444e-10,  6.61036801540332e-11, -1.95443785003246e-11,  5.95006303405984e-12, -1.85545718483099e-12,  5.90339445796319e-13, -1.91054369100319e-13,  6.27449263219539e-14,    -2.08705564024e-14,  7.02012227128943e-15, -2.38479019614916e-15,  8.17301454325598e-16
     1.02738230851585,   -0.0780346938383482,    0.0111842481641826,   -0.0024120954101708,  0.000628402737373752, -0.000181263881338715,  5.56772542390955e-05,  -1.7845266480757e-05,  5.89805477310336e-06, -1.99517664558435e-06,  6.87305545012952e-07, -2.40252751138124e-07,   8.4997298993695e-08, -3.03743152710026e-08,  1.09474430202447e-08, -3.97468897593961e-09,  1.45231190816275e-09, -5.33632472390886e-10,  1.97046550946447e-10, -7.30810192718845e-11,  2.72114146962201e-11
    0.774979665803542,  -0.00560925623790752,   0.00147397548739953, -0.000464254890654317,  0.000156736639491448, -5.49588922485964e-05,  1.97396728373587e-05, -7.20881275702731e-06,  2.66493189127885e-06, -9.94404070647112e-07,  3.73802678290483e-07, -1.41356537042487e-07,   5.3719637808399e-08, -2.04998882896958e-08,  7.85063232822148e-09, -3.01565058284622e-09,  1.16147536390481e-09, -4.48385873125532e-10,   1.7345667332097e-10, -6.72249146066204e-11,  2.60968174882757e-11
     263.857307020073,     -1.41804285867243,                     0,                     0,                     0,                     0,                     0,                     0,                     0,                     0,                     0,                     0,                     0,                     0,                     0,                     0,                     0,                     0,                     0,                     0,                     0
     2.89491261053002,                     0,                     0,                     0,                     0,                     0,                     0,                     0,                     0,                     0,                     0,                     0,                     0,                     0,                     0,                     0,                     0,                     0,                     0,                     0,                     0
     3395.43674120244,     0.024487237633654,    0.0038216912399634, -7.57939594584325e-05,  2.88254195641162e-06, -2.24234368524727e-07,  2.67173637361738e-08, -4.06801548610392e-09,  7.21352295961287e-10,  -1.4179843485437e-10,  3.00320532976295e-11, -6.73149797775175e-12,  1.57769931797775e-12, -3.83377156462456e-13,  9.59843212827752e-14, -2.46426003370499e-14,  6.46374506378439e-15, -1.72712452539219e-15,  4.69007838067234e-16, -1.29185628609779e-16,  3.60354162092281e-17
 4.05752588333529e-06,  3.32902771693448e-06,   7.8347864427733e-07,   3.0510952576859e-08, -2.06113305416954e-09,  2.38241953289294e-10, -3.58617336835532e-11,  6.37607541870773e-12,  -1.2667067893822e-12,  2.72319165704014e-13, -6.21019168837869e-14,  1.48260838374089e-14, -3.67157385715726e-15,   9.3689338510911e-16,  -2.4511804186463e-16,   6.5500417041983e-17, -1.78233797881198e-17,  4.92683623575286e-18, -1.38079398529529e-18,  3.91717134205909e-19, -1.12335164514646e-19
     1.30027430287068,    3.247235111472e-06,  7.49203139194797e-07,  2.73464150132613e-08, -1.87928669076259e-09,  2.18270070309986e-10, -3.29234759108979e-11,  5.86054552298754e-12, -1.16523282637724e-12,  2.50661205355224e-13, -5.71925535540311e-14,  1.36601690973306e-14, -3.38419775531763e-15,   8.6387669056497e-16, -2.26090809431429e-16,  6.04349519808324e-17, -1.64498863688357e-17,  4.54844830530777e-18, -1.27509018052471e-18,  3.61823551482497e-19, -1.03788260426371e-19
   0.0291369497904779,     0.010413025751735,  0.000106735343269079, -3.20391905015733e-06,  3.14680474778552e-07, -4.42393956747751e-08,  7.79578723250338e-09, -1.57159246530659e-09,  3.46195748395575e-10, -8.12116750050859e-11,  1.99693318863826e-11, -5.09362538038177e-12,  1.33799093748013e-12, -3.60039562986326e-13,  9.88549500746411e-14,  -2.7610408289327e-14,  7.82582723992126e-15, -2.24664363577247e-15,  6.52233801487675e-16, -1.91238412633786e-16,  5.65691738019442e-17
    0.998055368970938,   -0.0701640534952309,   0.00881177491674091,  -0.00164357991443697,  0.000369558738544969, -9.19807613411612e-05,  2.43788338885519e-05, -6.74258525444638e-06,  1.92307124232577e-06, -5.61386214932599e-07,  1.66890538427606e-07, -5.03451155681953e-08,  1.53711175815051e-08, -4.74047037240954e-09,  1.47450019107066e-09, -4.62013385476272e-10,  1.45690844248117e-10, -4.61994661406146e-11,  1.47226862130583e-11, -4.71245601046332e-12,  1.51432526719157e-12
    0.772961253492443,  -0.00462583216554203,   0.00104131197692154, -0.000282466340004338,   8.2217741051007e-05,  -2.4864749358628e-05,  7.70402142906623e-06, -2.42727271754765e-06,  7.74189686920227e-07, -2.49258809391618e-07,  8.08482739066859e-08, -2.63812736708939e-08,  8.65113005335572e-09,  -2.8487730169469e-09,  9.41419142931697e-10, -3.12058458642916e-10,  1.03715891116163e-10, -3.45518125291147e-11,  1.15344355833712e-11, -3.85766461011665e-12,  1.29232809603437e-12
     263.294889846155,     -1.41804285867243,                     0,                     0,                     0,                     0,                     0,                     0,                     0,                     0,                     0,                     0,                     0,                     0,                     0,                     0,                     0,                     0,                     0,                     0,                     0
      3.3545168801829,                     0,                     0,                     0,                     0,                     0,                     0,                     0,                     0,                     0,                     0,                     0,                     0,                     0,                     0,                     0,                     0,                     0,                     0,                     0,                     0
      3395.4487956863,    0.0279532100190649,   0.00372063754203561, -7.09220551651419e-05,   2.4400165047418e-06, -1.65348355053267e-07,  1.69687563822884e-08,  -2.2226776727129e-09,  3.39345625694015e-10, -5.74780181191561e-11,  1.04947360471038e-11, -2.02859363338317e-12,  4.10106526082274e-13, -8.59707475132378e-14,  1.85704035279947e-14, -4.11373870924592e-15,  9.31082054863851e-16, -2.14684020275532e-16,  5.03087097042168e-17, -1.19584793832315e-17,  2.87871969720073e-18
  5.7559349570844e-06,  4.06779172020901e-06,  8.23144966247421e-07,  2.71640410955066e-08, -1.60896923980854e-09,  1.62010016944421e-10, -2.10873814220107e-11,  3.23682770670981e-12, -5.54940217926609e-13,  1.02947933545628e-13, -2.02587207245655e-14,  4.17356046905366e-15, -8.91892193550791e-16,  1.96397541579477e-16, -4.43416619829376e-17,  1.02252929048278e-17, -2.40115525517645e-18,  5.72795646918613e-19, -1.38536535631251e-19,  3.39167274963798e-20, -8.39391985301036e-21
      1.3002759561478,  3.95255387733648e-06,  7.84719009993169e-07,  2.42966268770958e-08, -1.46519117903145e-09,  1.48304926858561e-10, -1.93471363330757e-11,  2.97344643480337e-12,  -5.1021744275471e-13,  9.47122624454518e-14, -1.86478345544579e-14,  3.84341820770693e-15, -8.21664953179778e-16,  1.80997685332584e-16, -4.08780933706853e-17,   9.4294415290487e-18, -2.21489845474232e-18,  5.28505977036736e-19, -1.27857284060421e-19,  3.13098679521038e-20, -7.75057824188437e-21
   0.0339450693907848,     0.010509220640092,  0.000102678241288659, -2.70582974488941e-06,  2.33283277863318e-07, -2.82026160698668e-08,  4.27325543509974e-09, -7.41526803270328e-10,  1.40733142693705e-10, -2.84600006212255e-11,  6.03504515992567e-12, -1.32784429037723e-12,  3.00916245933729e-13, -6.98656071750606e-14,   1.6552646082996e-14, -3.98954795682407e-15,  9.75849358806921e-16, -2.41770731599519e-16,  6.05761856673592e-17, -1.53289521405813e-17,  3.91348485536973e-18
    0.967524275860151,   -0.0629801388836488,   0.00693851716434462,  -0.00111983016039341,  0.000217346115626423, -4.66777744123333e-05,  1.06749714680547e-05, -2.54763560442332e-06,   6.2701545523644e-07, -1.57952992427855e-07,  4.05218552885487e-08, -1.05490311366825e-08,  2.77947620139479e-09, -7.39749778387689e-10,  1.98571530781378e-10, -5.36954818993645e-11,  1.46126288091625e-11, -3.99896407905928e-12,  1.09979907594595e-12, -3.03801873258896e-13,  8.42519741682128e-14
    0.771030962828245,  -0.00382045871744542,  0.000736190553715195, -0.000171944416355353,  4.31440763172106e-05, -1.12527952974103e-05,   3.0074889504969e-06, -8.17459473915246e-07,  2.24951181574957e-07,  -6.2489422044353e-08,  1.74886998393093e-08, -4.92407936500298e-09,  1.39332910236561e-09, -3.95910933496366e-10,  1.12898271901137e-10, -3.22930953934238e-11,  9.26173856264907e-12, -2.66253296713419e-12,  7.67008926566262e-13, -2.21366056412231e-13,  6.39947139960484e-14
     262.643151293759,     -1.41804285867243,                     0,                     0,                     0,                     0,                     0,                     0,                     0,                     0,                     0,                     0,                     0,                     0,                     0,                     0,                     0,                     0,                     0,                     0,                     0
     3.88552053153914,                     0,                     0,                     0,                     0,                     0,                     0,                     0,                     0,                     0,                     0,                     0,                     0,                     0,                     0,                     0,                     0,                     0,                     0,                     0,                     0
     3395.46467760061,    0.0318459612427995,   0.00361155681500915, -6.61603137847215e-05,  2.06276024170495e-06, -1.22083191925322e-07,  1.08059396158326e-08, -1.21821048564865e-09,  1.60167438240114e-10, -2.33801539878325e-11,  3.68100671974648e-12, -6.13756349215506e-13,  1.07055243257816e-13, -1.93661935549305e-14,  3.61034313619751e-15,  -6.9029552878302e-16,  1.34860852305805e-16, -2.68422618823759e-17,  5.43001686823962e-18, -1.11425929426239e-18,  2.31565082555337e-19
 8.15199078484633e-06,   4.9640515156809e-06,  8.63915525180854e-07,  2.41480960589854e-08, -1.25367823325763e-09,  1.10190251593424e-10, -1.24145079305577e-11,  1.64619737813779e-12, -2.43682306440694e-13,   3.9025706454964e-14, -6.62962925076457e-15,   1.1790439886871e-15,  -2.1751383260603e-16,  4.13492071140749e-17, -8.05943498334744e-18,  1.60447911279283e-18, -3.25272832334981e-19,   6.6988385620534e-20, -1.39874627114991e-20,  2.95641615563811e-21, -6.31677391014522e-22
      1.3002782797587,  4.80566055993342e-06,  8.21146335781953e-07,  2.15519954713847e-08, -1.14009576618843e-09,   1.0077682577524e-10, -1.13820988180729e-11,  1.51135328978582e-12, -2.23923022337709e-13,  3.58852559274326e-14, -6.09940548524525e-15,  1.08523699270445e-15, -2.00286915144147e-16,  3.80877832437297e-17, -7.42612169189138e-18,  1.47883474783271e-18, -2.99883643175866e-19,  6.17755708733851e-20, -1.29021624706137e-20,  2.72766097474291e-21, -5.82930904432419e-22
   0.0395540678967952,    0.0106161063149811,  9.87247811812469e-05, -2.27883477406144e-06,  1.73248400599794e-07, -1.80310035017064e-08,  2.35006121552449e-09,  -3.5106652428564e-10,  5.74118942730522e-11, -1.00105631445609e-11,  1.83105143919193e-12, -3.47600937316162e-13,  6.79787380693706e-14, -1.36220015609799e-14,  2.78571023921261e-15, -5.79580622987369e-16,   1.2238213145095e-16, -2.61759377476452e-17,  5.66210821918606e-18, -1.23702364561134e-18,  2.72664046523596e-19
    0.935885866224262,   -0.0564446725336227,   0.00546323895925291, -0.000763688326392149,  0.000128020627055484, -2.37342188814198e-05,  4.68538825929363e-06, -9.65254996614221e-07,  2.05079905185407e-07, -4.45989207851191e-08,  9.87748038239322e-09, -2.21991525277895e-09,  5.04962128868352e-10, -1.16026359479679e-10,   2.6888582665511e-11, -6.27726264282205e-12,  1.47483895941695e-12,  -3.4845696974801e-13,  8.27373943878417e-14, -1.97318128153944e-14,  4.72438968333316e-15
    0.769187134911853,  -0.00316204827669145,  0.000521404241897859,  -0.00010486865778502,  2.26900973069352e-05,  -5.1055419694844e-06,  1.17747438275515e-06, -2.76207886281464e-07,  6.56018402174482e-08, -1.57295454113674e-08,  3.79984840815751e-09, -9.23518626120782e-10,  2.25577630889255e-10, -5.53311001800996e-11,  1.36205573359226e-11,  -3.3632427120637e-12,  8.32695716866452e-13, -2.06651116358258e-13,  5.13919713920208e-14,  -1.2804443667351e-14,  3.19558962023601e-15
     261.890165358024,     -1.41804285867243,                     0,                     0,                     0,                     0,                     0,                     0,                     0,                     0,                     0,                     0,                     0,                     0,                     0,                     0,                     0,                     0,                     0,                     0,                     0
     4.49902292736767,                     0,                     0,                     0,                     0,                     0,                     0,                     0,                     0,                     0,                     0,                     0,                     0,                     0,                     0,                     0,                     0,                     0,                     0,                     0,                     0
     3395.48555951548,    0.0362044774911495,   0.00349418568377257,  -6.1513231507464e-05,  1.74079878220612e-06, -9.02135519023809e-08,   6.8980205085037e-09, -6.69668345200341e-10,  7.58373529053544e-11, -9.54172483104918e-12,  1.29557033588268e-12, -1.86369918845695e-13,  2.80537000422799e-14, -4.38036757670675e-15,   7.0494868290499e-16, -1.16367072177825e-16,  1.96290699320811e-17, -3.37347135494131e-18,  5.89281945793644e-19, -1.04421090612645e-19,  1.87399311968113e-20
 1.15280207670534e-05,   6.0502611324237e-06,  9.05759818638542e-07,  2.14360924536181e-08, -9.74505853459379e-10,   7.4928582744836e-11,  -7.3147171934585e-12,  8.38484393806729e-13, -1.07215278452412e-13,  1.48288911439144e-14, -2.17544100393925e-15,  3.34106180540293e-16, -5.32280435936956e-17,  8.73824585775075e-18, -1.47085389710065e-18,  2.52877913589302e-19, -4.42731117001533e-20,  7.87426898343534e-21, -1.41994259963537e-21,  2.59191526932882e-22, -4.78273065126874e-23
     1.30028154193362,  5.83655951058639e-06,  8.58449229124068e-07,  1.90874768439091e-08, -8.84893610104433e-10,  6.84587807256122e-11, -6.70136907520125e-12,  7.69318604142145e-13, -9.84661237368417e-14,  1.36283938025183e-14, -2.00043584762697e-15,  3.07370659201597e-16, -4.89881725302868e-17,  8.04503323687873e-18, -1.35459958142806e-18,  2.32958432298549e-19, -4.07966390523604e-20,   7.2577795785973e-21, -1.30908298624323e-21,  2.39009251690527e-22, -4.41126138724072e-23
    0.046103729978956,    0.0107348172929448,  9.48846106950873e-05, -1.91219426846158e-06,  1.28845728333325e-07, -1.15585340610905e-08,  1.29651870638134e-09, -1.66757341190272e-10,  2.35002705876741e-11, -3.53341362611362e-12,  5.57568587709333e-13, -9.13425602193352e-14,  1.54188292773033e-14, -2.66729094193698e-15,  4.70938509091581e-16, -8.46012306216277e-17,  1.54256273788969e-17, -2.84911863363769e-18,  5.32214822375315e-19, -1.00415571104942e-19,   1.9115092804179e-20
     0.90315315613351,   -0.0505000103980233,   0.00430042600432495, -0.000521173266973751,    7.550323173198e-05, -1.20885870156177e-05,  2.06069331342144e-06, -3.66590735566692e-07,  6.72584110294904e-08, -1.26311613513082e-08,   2.4158479492096e-09, -4.68890371484132e-10,  9.21108254349936e-11, -1.82780458933177e-11,   3.6581849549772e-12, -7.37556793410784e-13,  1.49657834858676e-13, -3.05376480844852e-14,  6.26212058740255e-15, -1.28979613554949e-15,  2.66707631273585e-16
    0.767422069566892,  -0.00262282877549848,  0.000369924967047638, -6.40738729072786e-05,  1.19569553465628e-05, -2.32171545374543e-06,  4.62181814679741e-07, -9.35953885873783e-08,  1.91924625048317e-08, -3.97332104981196e-09,  8.28791775954118e-10, -1.73932402802097e-10,  3.66857398087945e-11, -7.77043668457779e-12,  1.65178181370603e-12, -3.52211295983865e-13,  7.53049160575048e-14, -1.61387768865556e-14,  3.46599051558822e-15, -7.45752892097461e-16,  1.60727397267067e-16
     261.020192666841,     -1.41804285867243,                     0,                     0,                     0,                     0,                     0,                     0,                     0,                     0,                     0,                     0,                     0,                     0,                     0,                     0,                     0,                     0,                     0,                     0,                     0
     5.20756356503724,                     0,                     0,                     0,                     0,                     0,                     0,                     0,                     0,                     0,                     0,                     0,                     0,                     0,                     0,                     0,                     0,                     0,                     0,                     0,                     0
     3395.51294458718,    0.0410657481945991,   0.00336837831906884, -5.69885881029489e-05,  1.46595981745339e-06, -6.66917064673066e-08,  4.41345421378469e-09, -3.69250707249032e-10,  3.60282369724568e-11, -3.90775998436354e-12,  4.57661830599049e-13, -5.68098375912052e-14,  7.38126409977032e-15, -9.95028987536028e-16,  1.38271869503142e-16, -1.97109272755407e-17,  2.87154007217004e-18, -4.26245260222038e-19,  6.43126032744391e-20, -9.84396564632625e-21,  1.52606775534137e-21
 1.62769870168862e-05,  7.36478178372022e-06,  9.48631141349005e-07,  1.90047716459606e-08, -7.55307481522605e-10,  5.09254368490166e-11, -4.31272986124232e-12,  4.27687404356919e-13, -4.72646883712911e-14,  5.64804803503249e-15, -7.15817273369203e-16,  9.49712704691225e-17, -1.30707312370091e-17,  1.85369276361814e-18, -2.69550825213252e-19,  4.00353167477684e-20, -6.05531866444198e-21,  9.30410889347105e-22, -1.44945771530948e-22,  2.28574669363963e-23, -3.64382734638335e-24
     1.30028611491834,  7.08061993792142e-06,  8.96577284463022e-07,  1.68814810763994e-08,  -6.8472682351194e-10,  4.64766609819581e-11, -3.94784974409173e-12,  3.92142708140176e-13, -4.33818930698198e-14,  5.18795229783376e-15, -6.57889392644659e-16,  8.73273899302603e-17, -1.20236091800651e-17,  1.70579740955856e-18, -2.48123935767039e-19,  3.68635257470195e-20, -5.57707044523099e-21,  8.57138992916638e-22, -1.33561899708314e-22,   2.1066870079894e-23, -3.35907531169782e-24
   0.0537567695504726,    0.0108665665792714,  9.11713497549146e-05, -1.59709653504942e-06,  9.59321648436077e-08, -7.42820344456811e-09,  7.17641882281895e-10, -7.94886549351662e-11,  9.65413647896327e-12, -1.25183723461164e-12,  1.70441984349938e-13, -2.41003935379117e-14,  3.51219682426484e-15, -5.24624928526992e-16,  7.99924098707942e-17,  -1.2411056664203e-17,  1.95458409889377e-18, -3.11836235178395e-19,  5.03184819289128e-20, -8.20129288676318e-21,  1.34868835582086e-21
    0.869362505226535,   -0.0450967706961966,    0.0033836569468077, -0.000355886590662784,  4.45860325056342e-05, -6.16763555124531e-06,  9.08208951153543e-07, -1.39565042185088e-07,  2.21194109383669e-08, -3.58849690486989e-09,  5.92912085618289e-10, -9.94147272109426e-11,  1.68715339855769e-11, -2.89229609784628e-12,  5.00093768835234e-13, -8.71078034927229e-14,  1.52700109280611e-14, -2.69188088852118e-15,  4.76896113463832e-16, -8.48607781559463e-17,  1.51602453152366e-17
    0.765729260647321,  -0.00218060488527906,  0.000262939554468766, -3.92221074639952e-05,  6.31402047385527e-06, -1.05825930835104e-06,  1.81893901052352e-07, -3.18091324709366e-08,  5.63331218717251e-09, -1.00728383079617e-09,  1.81480320919395e-10, -3.28977274642684e-11,  5.99371029772762e-12, -1.09664533799694e-12,  2.01373896318514e-13, -3.70927953279422e-14,  6.85094441593637e-15, -1.26836080868757e-15,  2.35314273621156e-16, -4.37388817004581e-17,  8.14361407716289e-18
     260.015451675514,     -1.41804285867243,                     0,                     0,                     0,                     0,                     0,                     0,                     0,                     0,                     0,                     0,                     0,                     0,                     0,                     0,                     0,                     0,                     0,                     0,                     0
     6.02558942386985,                     0,                     0,                     0,                     0,                     0,                     0,                     0,                     0,                     0,                     0,                     0,                     0,                     0,                     0,                     0,                     0,                     0,                     0,                     0,                     0
     3395.54876087435,    0.0464652543110317,   0.00323407173626151, -5.25949108505563e-05,  1.23138150117191e-06, -4.92991494086076e-08,  2.82953988832653e-09, -2.04219345062886e-10,  1.71750016601456e-11, -1.60624934407276e-12,   1.6228705932631e-13, -1.73861210584721e-14,  1.95024243262846e-15, -2.27025036036588e-16,  2.72475086168627e-17, -3.35514305768804e-18,  4.22253026662842e-19, -5.41507858385094e-20,  7.05919336361991e-21, -9.33607159936837e-22,   1.2506056250087e-22
 2.29464433240209e-05,  8.95339499618217e-06,  9.92490500789083e-07,  1.68327451499196e-08, -5.83370168047027e-10,   3.4582710473507e-11, -2.54380616559442e-12,  2.18429232576947e-13, -2.08749503814625e-14,  2.15623345333025e-15, -2.36176958810296e-16,  2.70795168298849e-17, -3.22073247832491e-18,  3.94728155012548e-19, -4.96030719325269e-20,  6.36680465966349e-21, -8.32201571784176e-22,  1.10505111726923e-22, -1.48775608161426e-23,  2.02756680608409e-24, -2.79336567278915e-25
     1.30029251595801,  8.57995316078942e-06,  9.35487159293924e-07,  1.49141392367178e-08, -5.27900504969515e-10,   3.1522856122746e-11, -2.32647448389037e-12,  2.00128665740498e-13, -1.91478816709249e-14,  1.97944002583404e-15, -2.16946614427572e-16,  2.48870643079805e-17, -2.96121808375655e-18,  3.63054987084664e-19, -4.56376562176024e-20,  5.85953079853005e-21, -7.66099939538292e-22,  1.01752708158703e-22, -1.37023404211536e-23,  1.86780481318708e-24, -2.57378475300012e-25
   0.0627060769943493,    0.0110127163006396,  8.76007368296086e-05, -1.32612185760137e-06,  7.14841711052696e-08, -4.78464458430146e-09,  3.98541109036231e-10, -3.80286732295787e-11,  3.98110768656102e-12, -4.45247154959731e-13,   5.2313504118532e-14, -6.38566971103995e-15,  8.03567391841386e-16, -1.03666425485917e-16,  1.36535823310726e-17, -1.83005000016044e-18,  2.49001444679783e-19, -3.43238895556504e-20,  4.78567440478594e-21,  -6.7400409256519e-22,  9.57793597940923e-23
     0.83455954674439,    -0.040189817903593,   0.00266072025953582, -0.000243134482436126,  2.63602106428124e-05, -3.15202415637109e-06,  4.01102582831728e-07, -5.32626975879168e-08,  7.29458173611345e-09, -1.02265342947366e-09,  1.46017162672386e-10,  -2.1157745015384e-11,  3.10301794992604e-12, -4.59714716964414e-13,  6.86937153882145e-14, -1.03406012205552e-14,  1.56658490400229e-15, -2.38670392217336e-16,   3.6542353432268e-17, -5.61967739852537e-18,  8.67648142689658e-19
    0.764102437121916,    -0.001817362277708,  0.000187260189144948, -2.40560309313261e-05,  3.34126894785275e-06, -4.83508547323734e-07,  7.17754644900137e-08, -1.08426020584021e-08,  1.65889124701722e-09, -2.56277760738177e-10,  3.98948276781898e-11, -6.24881890474023e-12,  9.83752213928316e-13,  -1.5553360759017e-13,  2.46795600236076e-14, -3.92831780438183e-15,  6.26983044873445e-16, -1.00309272246387e-16,  1.60821227375636e-17, -2.58322945432133e-18,   4.1563836476958e-19
     258.855455948187,     -1.41804285867243,                     0,                     0,                     0,                     0,                     0,                     0,                     0,                     0,                     0,                     0,                     0,                     0,                     0,                     0,                     0,                     0,                     0,                     0,                     0
     6.96969425312256,                     0,                     0,                     0,                     0,                     0,                     0,                     0,                     0,                     0,                     0,                     0,                     0,                     0,                     0,                     0,                     0,                     0,                     0,                     0,                     0
     3395.59546826712,    0.0524351817771107,   0.00309130779162791, -4.83415374912138e-05,  1.03130396712201e-06, -3.64189981528882e-08,   1.8171200842058e-09, -1.13276989076221e-10,  8.21617914990752e-12, -6.62735278094129e-13,  5.77760409254401e-14, -5.34298343321411e-15,  5.17525419972374e-16, -5.20341781839397e-17,  5.39506154850522e-18, -5.73981939685557e-19,  6.24203293711115e-20, -6.91770701047705e-21,  7.79375674610991e-22, -8.90870815034238e-23,    1.031453603607e-23
 3.22977530019196e-05,  1.08705991924118e-05,  1.03731003862962e-06,  1.49004380352653e-08, -4.48686127905458e-10,  2.34564581586249e-11, -1.50058371627228e-12,  1.11677233707542e-13,  -9.2357496459824e-15,  8.25031273850364e-16, -7.81329969376843e-17,  7.74494355630668e-18, -7.96336084526913e-19,  8.43721497466733e-20, -9.16575683662089e-21,   1.0170479640348e-21, -1.14923998716625e-22,  1.31925633217776e-23, -1.53548462027422e-24,  1.80908086530016e-25, -2.15467437585865e-26
     1.30030146231783,  1.03845681958937e-05,   9.7514583688888e-07,  1.31672475499368e-08,  -4.0521207513175e-10,  2.13518800608156e-11, -1.37100120078536e-12,   1.0223817223324e-13, -8.46580929021043e-15,  7.56919034860899e-16, -7.17302452734128e-17,  7.11404615440188e-18, -7.31790274713244e-19,  7.75628682280163e-20, -8.42883349750898e-21,  9.35555663377438e-22, -1.05744048229912e-22,  1.21417619608843e-23,  -1.4135051109828e-24,  1.66572254455642e-25, -1.98432823541952e-26
   0.0731802546602726,    0.0111748020428406,  8.41909968804716e-05, -1.09302035668321e-06,  5.32924897528759e-08, -3.08768675860003e-09,  2.22047779541381e-10, -1.82619151773613e-11,  1.64824161200763e-12, -1.59016083352852e-13,  1.61248871801946e-14,  -1.6994288127002e-15,  1.84696942197995e-16, -2.05831119330276e-17,  2.34221238314277e-18, -2.71271313060659e-19,  3.18967519827222e-20, -3.79995395453102e-21,  4.57919542365038e-22, -5.57435577357757e-23,  6.84712498423726e-24
    0.798801965890344,   -0.0357381784213392,   0.00209060136934178,  -0.00016615731033393,  1.56018851108875e-05, -1.61350047342251e-06,  1.77506433380078e-07, -2.03759502945064e-08,  2.41227219373041e-09, -2.92341922648237e-10,  3.60836713304028e-11, -4.51988559820424e-12,  5.73059426057165e-13, -7.33949435088161e-14,  9.48115583822292e-15, -1.23384352924753e-15,  1.61599925226922e-16, -2.12843860251193e-17,  2.81732225576291e-18, -3.74567936968462e-19,  4.99969578214064e-20
    0.762535660910554,  -0.00151849855554329,  0.000133638532392391, -1.47840782214777e-05,  1.77198997293441e-06, -2.21443802506544e-07,  2.83988472294599e-08, -3.70689824258905e-09,  4.90119132155494e-10, -6.54391219607265e-11,  8.80463778832283e-12, -1.19201027613143e-12,  1.62206868654875e-13, -2.21676873441776e-14,  3.04057064152451e-15, -4.18362838295665e-16,  5.77214302820846e-17, -7.98292778463553e-18,   1.1063909045397e-18, -1.53629980065115e-19,  2.13687714536621e-20
     257.516674837227,     -1.41804285867243,                     0,                     0,                     0,                     0,                     0,                     0,                     0,                     0,                     0,                     0,                     0,                     0,                     0,                     0,                     0,                     0,                     0,                     0,                     0
      8.0589379165354,                     0,                     0,                     0,                     0,                     0,                     0,                     0,                     0,                     0,                     0,                     0,                     0,                     0,                     0,                     0,                     0,                     0,                     0,                     0,                     0
     3395.65618956945,    0.0590025822515045,   0.00294024661690275, -4.42382569206436e-05,   8.6087237102763e-07, -2.68697316756362e-08,  1.16837662603501e-09, -6.30036196529467e-11,   3.9441883753074e-12, -2.74505954864167e-13,   2.0653797084664e-14,  -1.6490635798713e-15,  1.37952859717413e-16, -1.19825344547797e-17,  1.07351263063035e-18, -9.87027650268412e-20,  9.27751763475774e-21, -8.88761907941511e-22,  8.65609425838027e-23, -8.55400592033878e-24,  8.56262692581543e-25
 4.53878610123806e-05,   1.3181234980913e-05,  1.08308125816661e-06,  1.31898483943324e-08, -3.43365426593456e-10,  1.58846978459371e-11,  -8.8495449315406e-13,  5.71453775366413e-14, -4.09267959126287e-15,  3.16357683559357e-16, -2.59158053857071e-17,   2.2218019653961e-18, -1.97565836062767e-19,  1.81021835072825e-20, -1.70063930082375e-21,  1.63191119523319e-22, -1.59469575304733e-23,  1.58310548827326e-24, -1.59346123727047e-25,  1.62357080846137e-26, -1.67229896441445e-27
     1.30031394708313,  1.25538220293516e-05,  1.01553820141899e-06,  1.16240454576267e-08, -3.09409529967356e-10,  1.44375283910163e-11, -8.07630323589742e-13,  5.22687945160591e-14, -3.74867185324945e-15,  2.90047351678977e-16, -2.37776559527569e-17,  2.03965718475596e-18, -1.81454289269123e-19,  1.66325619115724e-20, -1.56311409112158e-21,   1.5004039483382e-22, -1.46659228181135e-23,  1.45629927863694e-24, -1.46616487216833e-25,  1.49419009484387e-26, -1.53934433820876e-27
   0.0854508836074575,    0.0113545762203799,  8.09629393876271e-05, -8.92498518662881e-07,  3.97384708637536e-08, -1.99528467283448e-09,  1.24094649762744e-10, -8.80283444861926e-12,  6.85213333072245e-13, -5.70360869260485e-14,  4.99244305169852e-15, -4.54360512845025e-16,  4.26554142969338e-17, -4.10720335391539e-18,  4.03888721955077e-19, -4.04297627550847e-20,    4.109168610492e-21, -4.23189064794312e-22,  4.40884532613464e-23, -4.64018441494434e-24,  4.92804391824281e-25
    0.762159800172514,   -0.0317045222688173,   0.00164104583013379, -0.000113566886216824,   9.2434402455948e-06, -8.27237163032941e-07,  7.87132506472568e-08, -7.81365374901592e-09,  7.99923194272332e-10,  -8.3829930240891e-11,  8.94767236678873e-12, -9.69224452918284e-13,  1.06267375214351e-13, -1.17699568561464e-14,   1.3148698305101e-15, -1.47978270974903e-16,  1.67609441190552e-17, -1.90915207170446e-18,  2.18544672894517e-19, -2.51281499480459e-20,  2.90069033009207e-21
    0.761023292039291,  -0.00127216501567099,  9.55802118863647e-05, -9.10500291618223e-06,  9.41852697458852e-07, -1.01669621867999e-07,  1.12670100126743e-08, -1.27114848114772e-09,  1.45286527589689e-10, -1.67702505444702e-11,  1.95083433246471e-12, -2.28358174726451e-13,  2.68688637624193e-14, -3.17509178100075e-15,  3.76579490209967e-16, -4.48051897305492e-17,  5.34555187218642e-18,  -6.3929811307585e-19,  7.66196644883489e-20, -9.20030122813887e-21,  1.10663271174982e-21
     255.972080638971,     -1.41804285867243,                     0,                     0,                     0,                     0,                     0,                     0,                     0,                     0,                     0,                     0,                     0,                     0,                     0,                     0,                     0,                     0,                     0,                     0,                     0
     9.31520419792833,                     0,                     0,                     0,                     0,                     0,                     0,                     0,                     0,                     0,                     0,                     0,                     0,                     0,                     0,                     0,                     0,                     0,                     0,                     0,                     0
     3395.73486719151,     0.066187109445112,   0.00278118049429818, -4.02949282324886e-05,  7.15975939653035e-07, -1.97855475355359e-08,  7.51742612064622e-10, -3.51257209011684e-11,  1.89983087470883e-12, -1.14147379663796e-13,  7.41466918965609e-15,  -5.1124605401328e-16,  3.69451311818411e-17, -2.77284289635626e-18,  2.14698165198342e-19, -1.70635893084381e-20,  1.38660446462622e-21, -1.14850741323869e-22,  9.67245011824703e-24, -8.26573880460643e-25,  7.15554437499855e-26
 6.36816683394301e-05,  1.59624203100154e-05,  1.12982496631548e-06,  1.16843724531443e-08, -2.61179632431931e-10,  1.07360262721829e-11, -5.21527394710198e-13,  2.92567854714523e-14, -1.81610324616846e-15,   1.2155107786608e-16, -8.61762516185168e-18,  6.39255584415131e-19, -4.91792125930335e-20,  3.89833756508486e-21, -3.16832232351419e-22,  2.63013528358037e-23, -2.22342527655453e-24,  1.90949229870348e-25, -1.66269994851882e-26,  1.46557906177579e-27, -1.30592736239525e-28
     1.30033134307183,  1.51581423523353e-05,  1.05667615939753e-06,  1.02690545137292e-08, -2.34770668938642e-10,  9.74141988882745e-12, -4.75364146530871e-13,   2.6733598593007e-14, -1.66207294645129e-15,  1.11361449906734e-16, -7.90147361649683e-18,  5.86494181781239e-19, -4.51428899276236e-20,  3.57990044017518e-21, -2.91057767366154e-22,  2.41694691027704e-23, -2.04378819153397e-24,  1.75567351025464e-25, -1.52912372089264e-26,  1.34813367994822e-27, -1.20152010725525e-28
   0.0998413546403265,    0.0115540650176021,  7.79401496573109e-05, -7.20042684002698e-07,  2.96327500354073e-08, -1.29022633240548e-09,  6.95450311377768e-11, -4.25901178505482e-12,  2.86058863134554e-13,  -2.0549345734223e-14,  1.55291733224005e-15, -1.22064207865917e-16,  9.90041882750002e-18, -8.23812090503679e-19,  7.00218188001705e-20, -6.05942103157273e-21,  5.32471732174325e-22, -4.74169133716167e-23,  4.27184309437087e-24, -3.88817880227917e-25,  3.57133110081746e-26
    0.724715931359014,   -0.0280547426159961,   0.00128666481249709,  -7.7616494138572e-05,  5.48095966394906e-06, -4.24751620088028e-07,  3.49732461896499e-08, -3.00345395241726e-09,  2.65987142949494e-10, -2.41129110375596e-11,  2.22638632441471e-12, -2.08621613626369e-13,  1.97872061046381e-14, -1.89589286176232e-15,  1.83223153501305e-16,  -1.7838483299011e-17,  1.74793000005399e-18, -1.72240155953609e-19,  1.70570848077071e-20, -1.69667181102938e-21,   1.6943893871164e-22
    0.759559973770951,  -0.00106874053578626,  6.85190496459724e-05, -5.61984882246684e-06,  5.01773802030816e-07, -4.67962947829216e-08,  4.48248955330009e-09, -4.37226073489397e-10,  4.32117389640909e-11, -4.31347765535074e-12,   4.3396192262804e-13, -4.39353628785854e-14,  4.47127047531141e-15,  -4.5702039190992e-16,  4.68861406297561e-17, -4.82540184861026e-18,  4.97991944400561e-19, -5.15185771656664e-20,  5.34117095206008e-21, -5.54802557740503e-22,  5.77276481850733e-23
      254.19064121005,     -1.41804285867243,                     0,                     0,                     0,                     0,                     0,                     0,                     0,                     0,                     0,                     0,                     0,                     0,                     0,                     0,                     0,                     0,                     0,                     0,                     0
     10.3544491387974,                     0,                     0,                     0,                     0,                     0,                     0,                     0,                     0,                     0,                     0,                     0,                     0,                     0,                     0,                     0,                     0,                     0,                     0,                     0,                     0
     3395.80661115307,    0.0718403100336738,   0.00265998149151146, -3.75167613436271e-05,  6.24103913657843e-07, -1.57901136645022e-08,   5.4447085439884e-10,  -2.2936580899372e-11,  1.11556340540233e-12, -6.02183646134894e-14,  3.51378957571445e-15, -2.17664735732545e-16,  1.41342354525877e-17, -9.53407113718384e-19,  6.63573973773858e-20, -4.74129406497157e-21,   3.4641076142711e-22, -2.58001842599094e-23,  1.95391940831751e-24, -1.50161415378921e-25,  1.16908719189346e-26
 8.15036002628251e-05,  1.83474949451296e-05,  1.16467331376558e-06,  1.07039817018031e-08, -2.12824223361338e-10,  8.04902817361178e-12, -3.53955484929361e-13,  1.79291640676075e-14,  -1.0029745766075e-15,  6.04420459041582e-17, -3.85662817819754e-18,  2.57418619691135e-19, -1.78174093439942e-20,  1.27061988175764e-21,  -9.2902273694868e-23,   6.9379256767133e-24, -5.27625495561806e-25,  4.07635249891123e-26, -3.19314160002537e-27,   2.5320042720383e-28, -2.02967162608655e-29
     1.30034824860013,  1.73867052562004e-05,  1.08727264052591e-06,  9.38864599617904e-09, -1.90923525290525e-10,  7.29341961132108e-12, -3.22300450545748e-13,  1.63698303740492e-14, -9.17299353104775e-16,  5.53433534741951e-17, -3.53431210707735e-18,  2.36061037210655e-19, -1.63478597824896e-20,  1.16634113076096e-21, -8.53104126957595e-23,  6.37309193396009e-24, -4.84813803513908e-25,  3.74659522892533e-26, -2.93554461700488e-27,  2.32826206397889e-28, -1.86673635826106e-29
    0.111932260856487,    0.0117138558139268,  7.58739089800825e-05, -6.09390020670164e-07,  2.39083742756635e-08, -9.37805051564247e-10,   4.5597103054387e-11, -2.50954167200993e-12,   1.5137740771863e-13, -9.76551406624195e-15,  6.62862892450171e-16, -4.68112089195653e-17,  3.41193431543364e-18,   -2.551785421202e-19,  1.94978074637654e-20, -1.51695986742113e-21,  1.19859821396095e-22,  -9.5979763948475e-24,  7.77606281484104e-25, -6.36520569386872e-26,  5.25820804425767e-27
    0.696868619612984,   -0.0256095464778145,   0.00107597112821891, -5.87414168674277e-05,  3.74099379687714e-06, -2.61046172731965e-07,  1.93421600229641e-08,  -1.4944272131169e-09,  1.19058859171612e-10, -9.70925586482634e-12,  8.06436115949328e-13,   -6.797724370503e-14,  5.79997925556569e-15, -4.99915494005268e-16,  4.34617260695859e-17, -3.80654552757317e-18,   3.3554130062199e-19,  -2.9744540527751e-20,  2.64990539369896e-21, -2.37125183618044e-22,   2.1303389470806e-23
    0.758517519102558, -0.000942524184336288,  5.37928309977387e-05, -3.95408877732993e-06,  3.17019793162279e-07, -2.65693685516088e-08,   2.2879032709208e-09, -2.00659932475715e-10,  1.78339233349055e-11, -1.60102980473823e-12,  1.44869051354219e-13, -1.31919484682436e-14,  1.20756491872613e-15, -1.11022469705797e-16,   1.0245289757889e-17, -9.48472490041696e-19,  8.80503026938481e-20, -8.19397262107132e-21,   7.6417586378102e-22, -7.14043979222678e-23,  6.68348591885869e-24
     252.716947343239,     -1.41804285867243,                     0,                     0,                     0,                     0,                     0,                     0,                     0,                     0,                     0,                     0,                     0,                     0,                     0,                     0,                     0,                     0,                     0,                     0,                     0
     12.0238145744779,                     0,                     0,                     0,                     0,                     0,                     0,                     0,                     0,                     0,                     0,                     0,                     0,                     0,                     0,                     0,                     0,                     0,                     0,                     0,                     0
     3395.93378178866,      0.08041865911204,   0.00248185259047964, -3.37442286830031e-05,  5.11853542998058e-07, -1.14375456921706e-08,  3.44619616062323e-10, -1.25594670163987e-11,  5.26247309646031e-13, -2.44287854341433e-14,  1.22518449276741e-15, -6.52331341677645e-17,  3.64157228513684e-18, -2.11218332143098e-19,  1.26436949594541e-20, -7.77133002058067e-22,  4.88509172836612e-23, -3.13072049861953e-24,   2.0404014635645e-25, -1.34956592903216e-26,  9.04361789035966e-28
 0.000115426204618878,  2.23218417563916e-05,  1.21505888122523e-06,  9.47847238231028e-09,  -1.5797842431575e-10,  5.34039561099015e-12, -2.04124917125535e-13,  8.95995031342309e-15, -4.32968353505641e-16,  2.25054336051783e-17,  -1.2376549811249e-18,  7.11703680254623e-20, -4.24304461834671e-21,  2.60598516449364e-22, -1.64088555209002e-23,  1.05526647166099e-24, -6.91083718057053e-26,  4.59774410781412e-27, -3.10139778664825e-28,  2.11772386507244e-29, -1.46182846462788e-30
     1.30038034563844,  2.10920158421657e-05,  1.13140523178419e-06,  8.29089617234031e-09, -1.41275830337455e-10,  4.82879966525577e-12, -1.85577013733716e-13,  8.17045980634313e-15, -3.95573292994331e-16,  2.05885722582893e-17,  -1.1333211458068e-18,  6.52185378389658e-20, -3.89048984209953e-21,  2.39061323440713e-22, -1.50589420273239e-23,  9.68798020306531e-25, -6.34655916845224e-26,  4.22351998630763e-27, -2.84969020850136e-28,  1.94630261698875e-29, -1.34378673217873e-30
    0.131695750280401,    0.0119624953586428,  7.31828704051161e-05, -4.72222351967231e-07,   1.7646979311488e-08, -5.96300360979213e-10,  2.51234759029503e-11, -1.19004691416779e-12,  6.16986272554422e-14, -3.41949731061007e-15,  1.99430818006165e-16, -1.21042540881548e-17,  7.58466658020224e-19, -4.87801867079013e-20,  3.20587577796108e-21, -2.14574278438668e-22,  1.45876813757699e-23, -1.00520780750745e-24,  7.00881088091506e-26, -4.93790416088051e-27,  3.51111238913627e-28
    0.656868189238849,   -0.0224474806977924,   0.00083410389527989, -3.95706968378591e-05,  2.17915279286743e-06, -1.31163062096971e-07,  8.37426270295862e-09,  -5.5728422695202e-10,  3.82337922527355e-11, -2.68488354449693e-12,   1.9202312074152e-13, -1.39376591611774e-14,  1.02399446186586e-15, -7.60004270439994e-17,  5.68955551137748e-18, -4.29099356823489e-19,  3.25710326825508e-20, -2.48630515388877e-21,  1.90739983887705e-22,  -1.4697908766078e-23,  1.13709065737817e-24
    0.757077776371922, -0.000790962362497736,  3.82760619977272e-05, -2.40874396774894e-06,  1.65825948601619e-07, -1.19479433809984e-08,  8.84995918371205e-10, -6.67871361023143e-11,  5.10848863446562e-12, -3.94743329506972e-13,  3.07468405236605e-14, -2.41030680743822e-15,   1.8994781256422e-16, -1.50353015004485e-17,  1.19458335876358e-18, -9.52179517846533e-20,  7.61089634056358e-21, -6.09842654821585e-22,  4.89712563863042e-23, -3.94006064100286e-24,  3.17552561405842e-25
     250.349715608658,     -1.41804285867243,                     0,                     0,                     0,                     0,                     0,                     0,                     0,                     0,                     0,                     0,                     0,                     0,                     0,                     0,                     0,                     0,                     0,                     0,                     0
     13.8755110235211,                     0,                     0,                     0,                     0,                     0,                     0,                     0,                     0,                     0,                     0,                     0,                     0,                     0,                     0,                     0,                     0,                     0,                     0,                     0,                     0
      3396.0909939976,    0.0892751983674472,    0.0023042599733987, -3.03060466314814e-05,  4.21267724718307e-07, -8.35648820407062e-09,  2.21801531661828e-10, -7.04804569572508e-12,  2.56339576837662e-13, -1.03053942082761e-14,  4.47215856886155e-16, -2.05984610557876e-17,  9.94782553442149e-19, -4.99242130816903e-20,  2.58626243617479e-21, -1.37590347311489e-22,  7.48731281614529e-24, -4.15446802960406e-25,  2.34451562858245e-26, -1.34288538967082e-27,  7.79343636083684e-29
 0.000160984079757851,   2.6915458467839e-05,   1.2647693318343e-06,  8.46877594481192e-09, -1.17345459253737e-10,  3.59140815048415e-12, -1.20022181168125e-13,  4.59872592448336e-15, -1.93285747858932e-16,   8.7243408721631e-18, -4.16234941196458e-19,   2.0754315280931e-20, -1.07258496449481e-21,  5.70952100981626e-23, -3.11557706990765e-24,  1.73632401171971e-25, -9.85356948796997e-27,  5.68059379967727e-28, -3.32037912855372e-29,  1.96461833747979e-30, -1.17512119166364e-31
     1.30042333206529,  2.53640107407865e-05,  1.17483267359851e-06,  7.38944106240145e-09, -1.04574681405919e-10,  3.23997130000231e-12, -1.08931146955946e-13,  4.18785088215634e-15, -1.76394317792698e-16,   7.9736190334934e-18, -3.80825196204775e-19,  1.90042228274901e-20, -9.82777184829836e-22,  5.23424512526336e-23, -2.85750742712153e-24,  1.59311413431272e-25, -9.04390661822241e-27,  5.21538271472429e-28, -3.04927736770898e-29,   1.8046522057955e-30, -1.07968022300843e-31
    0.154094785651036,    0.0122290789354173,  7.08887671883045e-05, -3.59195067325053e-07,  1.31966673580023e-08, -3.85085051836417e-10,  1.41917095285113e-11, -5.82807461348402e-13,  2.61557145906988e-14, -1.25371435228447e-15,  6.32289402459872e-17, -3.31897973869046e-18,   1.7990431730724e-19, -1.00112306663066e-20,  5.69405445046496e-22, -3.29885500523097e-23,  1.94155601616431e-24, -1.15838824771387e-25,  6.99398340967536e-27, -4.26721577381687e-28,  2.62785782401165e-29
    0.617934055348038,   -0.0197169152075734,  0.000652047509309851, -2.70544377511335e-05,  1.29708723826422e-06, -6.77903853953798e-08,  3.75379779161181e-09, -2.16539399085054e-10,  1.28747450271577e-11, -7.83431840288895e-13,  4.85505520697046e-14, -3.05343236750322e-15,  1.94380472578995e-16, -1.25005458865596e-17,  8.10870773779652e-19, -5.29900494173303e-20,  3.48524998931907e-21, -2.30528923287329e-22,  1.53244093975706e-23, -1.02322410738373e-24,  6.85939005087649e-26
    0.755730821845649, -0.000670379823193773,  2.76785783327107e-05, -1.50015848860611e-06,  8.92146513407807e-08, -5.56003768494634e-09,  3.56443967199671e-10, -2.32892324649363e-11,  1.54261756154703e-12, -1.03239235528465e-13,  6.96525760460231e-15, -4.72984427197506e-16,  3.22901558132325e-17, -2.21425453341056e-18,  1.52414354382719e-19,  -1.0525286559568e-20,   7.2889700402953e-22, -5.06024324412337e-23,  3.52066575831615e-24, -2.45426880176419e-25,  1.71386032015004e-26
     247.723930682663,     -1.41804285867243,                     0,                     0,                     0,                     0,                     0,                     0,                     0,                     0,                     0,                     0,                     0,                     0,                     0,                     0,                     0,                     0,                     0,                     0,                     0